noticeIdentifier,noticeVersion,organisationName,organisationIdentifier,organisationCity,organisationPostCode,organisationCountrySubdivision,organisationCountryCode,organisationInternetAddress,organisationNaturalPerson,organisationRole,buyerProfileURL,buyerLegalType,buyerContractingEntity,winnerSize,winnerOwnerNationality,winnerListed
cebdae5a-f2c6-485b-9e69-6eae64158cd0,1,Heinrich Wietholt GmbH,DE 124 469 636-00001 ,Velen,46342,DEA34,DEU,,,winner,,,,medium,DEU,FALSE
fb84a142-649c-4dfa-abf8-e3636855a5cd,1,K.T. Trockenbau GmbH ,DE307867896,Offenbach am Main ,63073,DE713,DEU,,FALSE,winner,,,,,,
05b83088-0dc5-4eb4-a96a-1fa8ac79408c,1,"mtp Planungsgesellschaft für Medizintechnik mbH
",DE 253902565,Dresden,1309,DED21,DEU,https://www.mt-planung.de/,,winner,,,,medium,DEU,
263a78f4-1325-42a1-b508-18584f228b60,1,Josef Biller GmbH,DE128363853,Kochel am See,82431,DE216,DEU,,,winner,,,,small,DEU,
4c673522-fffb-42d7-81d4-5e1e61a2aa0c,1,J+R Kusser Granit GmbH,DE179145161,Fürstenstein,94538,DE228,DEU,,,winner,,,,small,DEU,
7917a020-aadb-4455-8bb4-786aa20581a0,1,Elektro Kreutzpointner GmbH,DE129263010,Burghausen,84489,DE214,DEU,,,winner,,,,large,,FALSE
4aa47f93-d3bd-431b-9ef5-c87672617071,1,Georg Maurer Fuhr- und Baggerbetrieb GmbH & Co. KG,DE319887958,Garmisch-Partenkirchen,82467,DE21D,DEU,,,winner,,,,small,DEU,
93d43019-a80c-41b1-83f4-2fee23582b48,1,Heinz Heer GmbH,DE128669259,Pfronten-Kappel,87459,DE27B,DEU,,,winner,,,,small,DEU,
eeea71ef-be5a-420c-957f-e11e8f0d0a15,1,BTL Brandschutz Technik GmbH Leipzig,DE 141623045,Kabelsketal,6184,DEE0B,DEU,,,winner,,,,medium,,FALSE
b09be119-7ac1-4d0d-b03e-94b4079d6be1,1,CANCOM GmbH,DE128791177,Jettingen-Scheppach,89343,DE278,DEU,,,winner,,,,large,DEU,FALSE
4fbb45d6-42e5-4632-9495-32ea296d1c7a,1,BTS Brandschutztechnik Stolpen Karosserie- und Fahrzeugbau GmbH,DE815640244,Stolpen,1833,DED2F,DEU,,,winner,,,,medium,,FALSE
48dc19e9-3300-4883-9be0-9984b55069d5,1,ecotone - Dipl. Biol. Benjamin Bernhardt,DE 277 229 988,Dortmund,44139,DEA52,DEU,,,winner,,,,micro,,FALSE
fb0c090f-7398-4b61-9474-34c1a82f14e4,1,Schreinerei Umgeher GmbH,DE275081835,Babensham,83547,DE21K,DEU,,,winner,,,,small,DEU,
dc1278ec-bb3f-4f36-af06-17c9e5bde36f,1,Franz Schelle GmbH & Co.KG,DE 161890790,Pfaffenhofen,85276,DE21J,DEU,,,winner,,,,medium,DEU,
6a389e6c-aa94-459a-aa6c-4a69540765ae,1,Umwelttechnik Bornemann GmbH,DE253590603,Bentwisch,18182,DE80K,DEU,,,winner,,,,medium,DEU,
554e1a55-6379-4973-b384-041b5c73c7e8,1,Möhring Versorgungstechnik GmbH,DE 812786727,Stäbelow,18198,DE80K,DEU,,,winner,,,,medium,DEU,
816e5370-5501-42be-be93-a78c6589cd5b,1,MAN Truck & Bus Deutschland GmbH,DE811124407,Kiel,24145,DEF02,DEU,https://www.mantruckandbus.com,FALSE,winner,,,,large,,FALSE
816e5370-5501-42be-be93-a78c6589cd5b,1,Albert Ziegler Feuerschutz GmbH,DE134877233,Rendsburg,24768,DEF0B,DEU,https://www.ziegler.de,FALSE,winner,,,,medium,,FALSE
0608985e-efd0-4e3b-bfb6-3d7fb8c184f0,1,milaa gGmbH,DE 301411313,Berlin,10115,DE300,DEU,,,winner,,,,medium,DEU,
0608985e-efd0-4e3b-bfb6-3d7fb8c184f0,1,CJD Berlin-Brandenburg,DE145555904,Berlin,10553,DE300,DEU,,,winner,,,,large,DEU,
531e25e4-c36a-497f-9553-21922d188739,1,Hochbau Krentz & Müller GmbH,DE310001156,Wismar,23966,DE80M,DEU,https://www.krentz-mueller.de/,,winner,,,,medium,DEU,FALSE
8cf10a41-3932-4795-95d8-d3e2efbb713b,1,TCS Cards & Services GmbH,DE 815 530 272,Bamberg,96052,DE241,DEU,,,winner,,,,large,,FALSE
cdc54b02-a4c3-48a0-9436-088161ade28b,1,Brandschutz Consult IG mbH Leipzig,DE154931913,Leipzig,4315,DED51,DEU,,,winner,,,,medium,DEU,
144384f6-d417-439c-8287-bb2e04836158,1,AFF Architekten GmbH,DE 814 591 842,Berlin,10317,DE300,DEU,,,winner,,,,medium,DEU,
26dd700d-3b6d-43c0-a831-bea25975e201,1,Krekeler Architekten Generalplaner GmbH,DE234200110,Brandenburg an der Havel,14776,DE401,DEU,,,winner,,,,large,DEU,
e6edc2c5-8467-4141-a43e-482783849182,1,Güttinger Ingenieure,DE 306 431 364,Kempten,87439,DE273,DEU,,,winner,,,,small,DEU,
97489db4-f4b3-4ade-95b3-acfe147b32c8,1,Halton Foodservice GmbH,DE 166209358,Reit im Winkl,83242,DE21M,DEU,,,winner,,,,medium,DEU,
26108ff5-fb78-46ee-819a-6b5be9761afb,1,KLEUSBERG GmbH & Co. KG,DE148005271,Wissen,57537,DEB13,DEU,,,winner,,,,medium,,
1e2615ad-17ea-4c77-a876-bd16a4445e74,1,MMS Transport und Umwelt,DE281664673,Bremen,28309,DE501,DEU,,,winner,,,,medium,DEU,
978c32a0-bc6a-4d97-b198-d8f6a541382d,1,Avissplan,DE265083562,Kremmen,16766,DE40A,DEU,,,winner,,,,micro,DEU,
469229eb-5c39-4bc5-94c1-fecd75d28231,1,SVA System Vertrieb Alexander GmbH,DE 185 176 948,Wiesbaden,65205,DE714,DEU,,,winner,,,,large,DEU,
923261d7-9650-4e1c-91b2-c1a183cc7d26,1,Mittnacht Beratende Ingenieure,DE229500447,Würzburg,97074,DE263,DEU,,,winner,,,,small,DEU,
dec2e86f-ec6f-409b-b4e5-f9c5c97da535,1,innoline Fenster & Türen GmbH & Co. KG,DE246086897,Osterburg,39606,DEE0D,DEU,,,winner,,,,small,DEU,
62238b39-499c-474a-b724-6db7603b71c2,1,ITURRI Feuerwehr- und Umwelttechnik GmbH,DE814112117,Wilnsdorf,57234,DEA5A,DEU,,,winner,,,,large,,
adf1bb6f-f3e3-4493-ae31-bb9f764e328b,1,Stephan Huber Landschaftsarchitektur,DE166204185,München,80469,DE212,DEU,,,winner,,,,medium,DEU,
728f6d3e-5c35-4e7e-98fe-ba9ffe76c0d1,1,LETA Bau GmbH,DE338351076,Markkleeberg,4416,DED52,DEU,,,winner,,,,medium,DEU,
728f6d3e-5c35-4e7e-98fe-ba9ffe76c0d1,1,Base Bau GmbH,DE300007182,Haar b. München,85540,DE21H,DEU,,,winner,,,,medium,DEU,
7f38e24a-3885-4557-8f02-2ec387d19d7b,1,"Rainer Tormählen
Dachdecker GmbH & Co.KG",DE258185876,Holthusen,19075,DE80O,DEU,https://dachdecker-thormaehlen.de,,winner,,,,medium,,FALSE
69189c76-4d25-4dde-afa0-b3b6089231c9,1,DB Regio AG,UStID. DE 199 861 724,Frankfurt am Main,60468,DE712,DEU,https://www.dbregio.de/,,winner,,,,large,,
39362296-c09a-4e95-8bf9-9577cb723e0a,1,Notarzt-Börse Dr. André Kröncke e.K.,DE 247629271,Pogeez,23911,DEF06,DEU,,,winner,,,,micro,DEU,
ac7a6382-0e66-459e-851c-491f3db6454f,1,michael bendich fahrzeugbau,DE135831988,Berlin,12347,DE300,DEU,,,winner,,,,small,DEU,
65d87008-2ac2-44a3-b164-3d8414f28700,1,Resch GmbH Zimmerei-Holzbau-Dachdeckerei,DE 812 389 739,Bischofswiesen,83483,DE215,DEU,,,winner,,,,small,DEU,
6e42ddc3-53e2-4aa0-b86c-b28ef1af69fe,1,BodenSprick GmbH,DE 169356257,Kiel,24148,DEF02,DEU,,,winner,,,,medium,DEU,
f46e12f2-d3b0-4eaf-ba81-ffc87776cb6a,1,Rudolf Höglmeier GmbH,DE129453408,Unterföhring,85774,DE21H,DEU,,,winner,,,,medium,DEU,
89fc04c9-eced-405a-9e4d-bf8f6a62afab,1,IBB Deutschland GmbH,DE227342739,Mertingen,86690,DE27D,DEU,,,winner,,,,medium,DEU,
fc8ee2f4-1ee4-4e65-bda6-d19bc3efc02b,1,Boller GmbH,DE813570996,Neunkirchen,57290,DEA5A,DEU,,,winner,,,,medium,DEU,
b3f28bad-2a8c-44f7-bef3-4d72fa78797b,1,Umtec Prof. Biener I Sasse I Konertz Partnerschaft Beratender Ingenieure und Geologen mbB,DE 114522907,Bremen,28357,DE501,DEU,,,winner,,,,medium,DEU,
2823194d-f257-431f-bc70-66ae7b0c1795,1,Faber & Schnepp Hoch- und Tiefbau GmbH & Co.KG,DE112645234,Gießen,35390,DE721,DEU,,,winner,,,,medium,,
8ea03fa9-59d5-45e3-9eae-a7f35cb6c10b,1,PMS AG - Büro für Planung und Steuerung,DE301877144,Berlin,10557,DE300,DEU,,,winner,,,,medium,DEU,
9a659b20-5123-4d0a-b4de-8dbabafa8a9d,1,IVECO Magirus AG,DE147032117,Unterschleißheim,85716,DE21H,DEU,,,winner,,,,large,,
f6424049-cb1b-4a9a-8698-ae24eef43521,1,Sportbodenbau Kupries GmbH,DE 322 42 0977,Rattelsdorf,96179,DE245,DEU,,,winner,,,,micro,,
1ba012e8-0b1f-4edb-9a77-d521692d1af6,1,Wilms GmbH,DE 134182276,Wiesentheid,97353,DE268,DEU,,,winner,,,,small,,
ef84ec0e-8a53-4f9b-8ca2-ed0848f60fc4,1,Binas Bau GmbH,UStID.: DE 185379701,Freyburg (Unstrut),6632,DEE08,DEU,,,winner,,,,medium,DEU,FALSE
c201cd55-2e20-407c-820e-f2e80bbed789,1,P&I Personal & Informatik AG,DE 812576084,Wiesbaden,65205,DE714,DEU,,FALSE,winner,,,,large,DEU,FALSE
89ad86fd-e449-46d2-8321-35facdf27599,1,Bautec Bauplanung und Beratung GmbH,DE811292183,Burbach,57299,DEA5A,DEU,,,winner,,,,micro,DEU,
89ad86fd-e449-46d2-8321-35facdf27599,1,MZP-Ingenieure,DE255267354,Siegen,57072,DEA5A,DEU,,,winner,,,,micro,DEU,
92a17502-02ad-4f32-8213-a5a350cf08b7,1,Vodafone GmbH,DE813113094,Düsseldorf,40549,DEA11,DEU,,FALSE,winner,,,,large,DEU,FALSE
92a17502-02ad-4f32-8213-a5a350cf08b7,1,Telekom Deutschland GmbH,DE122265872,Bonn,53227,DEA22,DEU,,FALSE,winner,,,,large,DEU,FALSE
a9425f4a-ff92-439b-b276-1d2c6c406d1c,1,Premium Fliesen Design GmbH,DE362329754,München,81379,DE212,DEU,,,winner,,,,medium,DEU,
418758d7-9a91-498a-addc-19002c67e4aa,1,Mirion Technologies (Canberra) GmbH,DE 149 054 248 / HRB 83945,Rüsselsheim am Main,65428,DE717,DEU,https://www.mirion.com/de/mirion-germany,,winner,,,,small,,TRUE
4c12f2a4-fcc7-4a1b-8bc7-030f0e46c53e,1,Omexom Frankenluk GmbH,DE132270625,Buttenheim,96155,DE245,DEU,,,winner,,,,medium,DEU,
6482f52b-f961-46bf-9d9e-386284b0349b,1,Sellhorn Ingenieurgesellschaft mbH,DE118573659,Hamburg,20459,DE600,DEU,,,winner,,,,small,DEU,
f214c400-6264-43a6-989b-5aae40336726,1,F.X. Rauch GmbH & Co. KG,UStID. DE130487158,Leipzig,4129,DED51,DEU,,FALSE,winner,,,,medium,,
582d0204-4eb2-4724-a8f9-d78ac6c65710,1,Thomas Elektro GmbH,DE200403347,Schwerin,19057,DE804,DEU,,,winner,,,,,,
6c785421-76d1-491a-8fba-5a8e5482f6c8,1,Lindner SE,DE129256988,Arnstorf,94424,DE22A,DEU,,,winner,,,,medium,DEU,
d93068c7-5a2e-4e8f-80f4-b68d25aa0f8c,1,scaleoplan GmbH,DE 321 55 1364,Öhringen,74613,DE119,DEU,,,winner,,,,small,DEU,
7339807a-8aaa-45f9-8b97-38090c96302c,1,Hohenloher Schuleinrichtungen GmbH & Co. KG,DE146281179,Öhringen,74603,DE119,DEU,,,winner,,,,medium,DEU,
3f46e951-aaaf-4dca-9d13-f5373625e4a0,1,Heinrich Schmid GmbH & Co. KG,DE813902754,Gersthofen,86368,DE276,DEU,www.heinrich-schmid.com,FALSE,winner,,,,medium,DEU,FALSE
c594608d-848b-4979-a5f7-1b2c10389ab4,1,Groth & Co. Bauunternehmung GmbH,DE137376548,Rostock,18147,DE803,DEU,,,winner,,,,medium,DEU,
83f59975-adcb-4316-b137-1589acd112f3,1,Treevolution.de GmbH,DE 279247126,Herrsching am Ammersee,82211,DE21L,DEU,www.treevolution.de,,winner,,,,small,,FALSE
964c5873-c571-472b-bdb3-edac9f842394,1,WKC Hamburg GmbH,DE 152675426,Hamburg,21079,DE600,DEU,,,winner,,,,small,DEU,FALSE
72d6c8e6-768c-4228-b51e-351d701cbf7b,1,MTM-Plan GmbH,DE 323917727,Eschlkam,93458,DE235,DEU,,,winner,,,,medium,DEU,
4917c6cb-e71b-4beb-aad6-108b6c1dec5e,1,FAIRPLAY Schleppdampfschiffsreederei R. Borchard GmbH,DE 118512422,Hamburg,20459,DE600,DEU,,,winner,,,,medium,,
b9120f69-d283-478b-bf7e-fd6b98a67a22,1,GMB GmbH,DE203935893,Senftenberg,1968,DE40B,DEU,,,winner,,,,large,DEU,
04920504-90df-4e2c-874e-5cee35fa7f75,1,AFRY Deutschland GmbH,DE167064991,Mannheim,68161,DE126,DEU,,,winner,,,,large,DEU,
d42b6dae-298b-4991-986a-6d1378ce944a,1,WTM Engineers GmbH,DE 245 587 176,Hamburg,20459,DE600,DEU,,,winner,,,,small,DEU,
08d3ba7d-ef78-473e-820e-9a017c7ecec7,1,voestalpine Turnout Technology Germany GmbH,DE213046970,Butzbach,35510,DE71E,DEU,,,winner,,,,large,DEU,
34c4dc7e-832c-4281-b6a6-f2603c611404,1,STRABAG AG,DE137223649,Regensburg,93059,DE232,DEU,,,winner,,,,large,DEU,
aa911f91-fc37-4ec4-91e4-5f314d42d5a9,1,Friedrich Hofmann GmbH Erlangen,DE 219266983,Erlangen,91056,DE252,DEU,,,winner,,,,medium,DEU,
27e83546-cd08-4e3f-bb35-2e7bf0937c24,1,Beyss Architekten GmbH,DE20537051147,Bonn,53115,DEA22,DEU,,,winner,,,,small,,
27e83546-cd08-4e3f-bb35-2e7bf0937c24,1,Stern Landschaften,DE08154711,Köln,50668,DEA23,DEU,,,winner,,,,small,,
27e83546-cd08-4e3f-bb35-2e7bf0937c24,1,Schneider & Steib BI PartG mbB,DE321720197,Meckenheim,53340,DEA2C,DEU,,,winner,,,,small,,
27e83546-cd08-4e3f-bb35-2e7bf0937c24,1,Enotherm GmbH,DE33457062151,Meschede,59872,DEA57,DEU,,,winner,,,,small,,
27e83546-cd08-4e3f-bb35-2e7bf0937c24,1,arc Projektmanagement GmbH,DE 278411841,Magdeburg,39118,DEE03,DEU,,,winner,,,,small,,
13995ed9-710d-41c1-b823-1caba23154aa,1,Dedalus HealthCare GmbH - Stuttgart,DE172711289,Stuttgart,70499,DE111,DEU,https://www.dedalus.com/dach/de/,,winner,,,,medium,,
6008d0a6-39a9-4a0e-87eb-52a0266db600,1,DTS Dachtechnik System GmbH & Co. KG,DE273246247,Bergkirchen,85232,DE217,DEU,,,winner,,,,medium,,
1e9d006b-ded4-4053-af05-f569028cf2a2,1,Siemens Healthineers AG,DE 315879502,Eschborn,65760,DE71A,DEU,https://www.siemens-healthineers.com/de,,winner,,,,large,,
7fa84d12-2842-48c8-84de-0e851870a3a3,1,Zippert GmbH & Co. KG,DE242501749,Löchgau,74369,DE115,DEU,,,winner,,,,medium,,
e727944c-8d70-420a-a654-9b2308b5d619,1,Thermo Fisher Scientific - Life Technologies GmbH,DE146961848,Darmstadt,64293,DE711,DEU,,,winner,,,,large,DEU,
c6ee3ec7-5c8f-49e3-84d1-c9474b7f506c,1,sib Ingenieure GmbH,DE297458074,Traunreut,83301,DE21M,DEU,,,winner,,,,medium,DEU,
3dd76935-e63a-45dd-ad15-cdc600a702d0,1,Becker & Partner Baugesellschaft mbH,DE 137 37 46 34,Rostock,18107,DE80K,DEU,,,winner,,,,medium,DEU,
a9e4363c-3c8e-4c4b-8479-2b69deaf49af,1,Gebrüder Hörner GmbH,DE 146752266,Schwäbisch Gmünd,73529,DE11D,DEU,,,winner,,,,medium,DEU,
caea6dac-3e3f-4ca5-92b4-b4e73ac252fe,1,Karl Staib Sonnenschutzanlagen GmbH,DE251127620,Fellbach,70736,DE116,DEU,,,winner,,,,medium,DEU,
e52ba564-6ebb-4755-b2bd-09cb4914026d,1,Dr. Born - Dr. Ermel GmbH,DE 156 288 408,Achim,28832,DE93B,DEU,,,winner,,,,,,
322667df-9b00-4862-afda-59658e5995fe,1,Plandent GmbH & Co. KG,DE126045127,Münster,48153,DEA33,DEU,,,winner,,,,large,DEU,
0e3e20a8-d595-4e41-afe3-515904e58848,1,Raumausstatter Günter Helms,DE207050205,Pampow,19075,DE80O,DEU,,,winner,,,,medium,DEU,
15740369-63cd-4bbb-8625-f6fadf0e8475,1,Bedachungen Herdt GmbH,DE326003505,Traunreut,83301,DE21M,DEU,,,winner,,,,medium,DEU,
fb6bee1f-7bec-44c3-b718-b7a09d37b145,1,Fliesen Röhlich GmbH,DE811527841,Wendelstein,90530,DE25B,DEU,,,winner,,,,large,DEU,
841c63a3-bfa3-4d3a-965d-88fb73ecd8d0,1,Transplan Technik-Bauplanung GmbH,DE 213472687,Stuttgart,70563,DE111,DEU,,,winner,,,,medium,DEU,
82a4d6af-d2d2-4d3c-a51b-786ca0f7673d,1,EB-Innenausbau GmbH & Co. KG,DE293421976,Beverungen,37688,DEA44,DEU,,,winner,,,,small,DEU,
ec12227d-1558-4590-a432-110e2a2e28c8,1,Binder & Sohn GmbH,DE128578726,Ingolstadt,85055,DE211,DEU,,,winner,,,,medium,DEU,
10d38d78-01a2-4cc2-be4f-fc7ffc39a8d5,1,Abbruch Tiefbau t.bauer GmbH,DE245245584,Oberviechtach,92526,DE239,DEU,,,winner,,,,small,DEU,
bdb68e27-6de0-4408-b89a-8871736aa32b,1,Claus Heinemann Elektroanlagen GmbH,DE811444974,Unterföhring,85774,DE21H,DEU,,,winner,,,,medium,DEU,
2bfdd518-4b80-49f8-81f4-f47d2885b727,1,Dr. Jan Eckstein,DE276847672-00,Göttingen,37083,DE91C,DEU,,,winner,,,,micro,,
2bfdd518-4b80-49f8-81f4-f47d2885b727,1,"BG Dr. Jan Eckstein, Stefan Klein, Rudolf Necker, Brigitte Emmi Frahm-Jaudes, Edwin Krumb",DE276847672,Göttingen,37083,DE91C,DEU,,,winner,,,,micro,,
2bfdd518-4b80-49f8-81f4-f47d2885b727,1,Johannes Karrer,DE85 107 396 41,Halle (Saale),6114,DEE02,DEU,,,winner,,,,micro,,
2bfdd518-4b80-49f8-81f4-f47d2885b727,1,BG Dr. Hans Pfestorf & Christine Mahler,DE308535377,Erfurt,99094,DEG01,DEU,,,winner,,,,micro,,
2bfdd518-4b80-49f8-81f4-f47d2885b727,1,"Kartierteam Sonneberg-Nord, Dr. Michael Schön",DE54789123627,Weiden,92637,DE233,DEU,,,winner,,,,micro,,
e975a98c-0dc5-43a2-bdb4-71e8748c77c3,1,AGRAVIS,DE214932558,Köthen (Anhalt),6366,DEE05,DEU,,,winner,,,,small,,
25a0352e-09a9-4764-be1a-0ccd05d2c4a1,1,Remondis Mitteldeutschland GmbH,DE158262784,Weißenfels,6667,DEE08,DEU,https://www.remondis-weissenfels.de/impressum,FALSE,winner,,,,medium,,FALSE
25a0352e-09a9-4764-be1a-0ccd05d2c4a1,1,Betting AG,DE 150 515 247,Unterwellenborn,7333,DEG0I,DEU,https://www.betting-ag.de/impressum/,FALSE,winner,,,,micro,,FALSE
9906d914-0d44-4157-ae93-198a0624135c,1,FBB Flügge-Bogdahn Bauingenieure GmbH,DE354154669,Flensburg,24941,DEF01,DEU,,,winner,,,,small,DEU,
1adf4e81-c486-43bb-9615-f7e0eeeabed0,1,VTA Deutschland GmbH,DE811656583,Passau,94036,DE222,DEU,,,winner,,,,medium,DEU,
e1c3233e-486d-4331-ab78-aec5105c2a9e,1,R.E.U.S.S. Sanierung GmbH,DE264114143,Freital,1705,DED2F,DEU,,,winner,,,,medium,DEU,
843073a5-4d9a-46ef-959a-95249722e71a,1,LPI Ingenieurgesellschaft mbH,DE237016247,Hannover,30519,DE929,DEU,,,winner,,,,medium,DEU,
c413a561-07e4-4883-9d62-94ad2b925738,1,PBA Planungsgesellschaft Haustechnik mbH,DE183490754,Hamburg,22769,DE600,DEU,,,winner,,,,medium,DEU,
31c5055d-1adb-4ea9-a7e0-ed6cd47e14aa,1,Energieversorgung Gera GmbH,DE 150518454,Gera,7545,DEG02,DEU,,,winner,,,,medium,DEU,
1aa208cb-b101-43f1-8c96-088292b342fa,1,PCS GmbH,DE325641968,Gelnhausen,63571,DE719,DEU,,,winner,,,,medium,DEU,
03979279-edce-46c0-8848-f8c27be1c64b,1,Bartholomeus Metallbau GmbH,UStID.DE206392751,Bergen,83346,DE21M,DEU,,,winner,,,,small,,FALSE
a6f699c4-4f00-4f60-bc14-69269a2d460b,1,Binsch GmbH,DE147810445,Ostfildern,73760,DE113,DEU,,,winner,,,,medium,DEU,
3d394603-731b-4ded-9e91-d7544c32a43e,1,PWI Service UG (haftungsbeschränkt),DE344106477,Menden,58706,DEA58,DEU,,,winner,,,,medium,DEU,
bac53200-506b-4bf0-a74a-5d919b574437,1,Schäfer Trennwandsysteme GmbH,DE185185053,Horhausen,56593,DEB13,DEU,,FALSE,winner,,,,small,,FALSE
c675fd63-b999-45b8-aacd-830f68de167a,1,Qualitätsböden-Kummer GmbH & Co. KG,DE 307714534,Reichenbach,8468,DED44,DEU,,,winner,,,,medium,DEU,
02d6e20a-eedd-4dee-9c61-5f691b8eacd3,1,INROS LACKNER SE,DE 211161756,Rostock,18055,DE803,DEU,https://www.inros-lackner.de/,,winner,,,,large,,FALSE
c0aa537c-8bb9-4764-a247-c1fe2453cfa7,1,Kempen Krause Ingenieure GmbH,DE289422438,Aachen,52072,DEA2D,DEU,,,winner,,,,medium,DEU,
c2528a17-d47f-4cff-a3b9-58f82c2fb74c,1,Regionalverkehr Alb-Bodensee GmbH (RAB),DE147034442,Ulm,89073,DE144,DEU,,,winner,,,,large,DEU,
c2528a17-d47f-4cff-a3b9-58f82c2fb74c,1,Gairing Omnibusverkehr GmbH&CoKG,DE 197646012,Neu-Ulm,89231,DE279,DEU,,,winner,,,,small,DEU,
c2528a17-d47f-4cff-a3b9-58f82c2fb74c,1,Omnibus Missel e.K.,DE238611452,Ulm-Eggingen,89079,DE144,DEU,,,winner,,,,small,DEU,
22041e45-1a7f-49cd-883a-d190efd43b61,1,Schrempf Bauunternehmen GmbH & Co.KG,DE191522467,Gedern,63688,DE71E,DEU,,,winner,,,,small,,
c4661a14-4254-4c7c-a8cd-8d1a09c30a28,1,vermicon AG,DE812294389,Hallbergmoos,85399,DE21B,DEU,,FALSE,winner,,,,small,,FALSE
ccdf05cd-8d2c-4de4-a24a-ee12cd161fcb,1,Lehner Gerüsttechnik GmbH,DE304005063,Regensburg,93055,DE232,DEU,,,winner,,,,small,DEU,
c5f2a9da-dd3a-4a15-adda-15ddc87207d4,1,Heiser's Küchen GmbH,DE 812650489,Budenheim,55257,DEB3J,DEU,,,winner,,,,medium,DEU,
a32f1809-adbf-43f1-9125-598741623cca,1,Hermann GmbH Maschinenbau-Technologie,DE188873188,Weiden,92637,DE233,DEU,,,winner,,,,medium,DEU,
624b82c4-3eba-4eb0-be45-62a51737ed38,1,Metallbau Politz GmbH,DE 140 099 594,Edersleben,6528,DEE0A,DEU,,,winner,,,,medium,,
8b940851-1860-406b-b6d4-7748d46bb24d,1,Eberhardt Modulbau Produktion GmbH & Co KG,DE147041056,Blaubeuren-Asch,89143,DE145,DEU,,,winner,,,,medium,DEU,
66c1d06f-880c-4683-a7df-0066de30476c,1,BBI Ingenieure GmbH,DE191526028,Ingolstadt,85049,DE211,DEU,,,winner,,,,medium,DEU,
e4eee1f7-8d74-449f-a3f8-985412336f4d,1,Rizgar GmbH,DE246123834,München,80797,DE212,DEU,,,winner,,,,medium,DEU,
810fae74-0d3a-4afa-8d5d-1d921ac66b81,1,XERION BERLIN LABORATORIES GmbH,DE309952686,Berlin,12487,DE300,DEU,,,winner,,,,small,,
91165522-d9d1-49c4-a059-daff0c7c5a9b,1,Remondis Industrie Service GmbH & Co. KG,DE228737976,Lünen,44536,DEA5C,DEU,,,winner,,,,large,DEU,
0fdead83-a77d-4cbd-8a5e-8f1be2f610a9,1,MTM-Plan GmbH,DE323917727,Eschlkam,93458,DE235,DEU,,,winner,,,,medium,DEU,
e53b2d6c-51c5-4b9a-9e6b-5db31ee43e2c,1,Ingenieurbüro für Versorgungstechnik,DE156059157,Pöcking,82343,DE21L,DEU,,TRUE,winner,,,,small,,
6a195d3a-c8c3-406a-9be5-2168abdff018,1,Schreinerei Johannes Röll,DE158499955,Blankenbach,63825,DE264,DEU,,,winner,,,,small,,
b6c5fc5e-a298-4a52-99e7-a04528437f3d,1,ICT AG,DE146261612,Kohlberg,72664,DE113,DEU,,,winner,,,,small,DEU,
b6c5fc5e-a298-4a52-99e7-a04528437f3d,1,Production Resource Group AG,DE 271405080,Hamburg,22113,DE600,DEU,,,winner,,,,large,DEU,
5677cf7b-4073-4c4b-9203-75916929709e,1,ehrhard architekten,DE312054637,Mindelheim,87719,DE27C,DEU,,TRUE,winner,,,,small,,FALSE
e30a61d7-42e3-4527-a0c5-8f60695e4148,1,HP Schmitz X Digital GmbH,DE 280052724,Hamburg,22767,DE600,DEU,,,winner,,,,medium,DEU,
95d63fb7-ed2e-47cb-8308-f48e8f116a84,1,Gebr. Schmidt Bauunternehmen AG,DE277935357,Kirchen-Freusburg,57548,DEB13,DEU,,,winner,,,,medium,DEU,
eb5e2b7a-413f-49b5-9e5a-5dcc368d9c27,1,secura protect Berlin GmbH,DE319839477,Langenselbold,63505,DE719,DEU,,,winner,,,,medium,DEU,
6d1ac22b-074f-487a-bbe0-890cad7f97a7,1,"TWE Tief-, Wasser- und Erdbau Uder GmbH & Co. KG",DE 369 881 934,Uder,37318,DEG06,DEU,,,winner,,,,medium,,FALSE
23c468a7-b777-4f09-9059-bd313986c7d6,1,Cologne Hunters Licht und Ton Service GmbH,DE153241514,Köln,50677,DEA23,DEU,,,winner,,,,small,DEU,
23c468a7-b777-4f09-9059-bd313986c7d6,1,Aventem GmbH,DE 814 611 527,Hilden,40721,DEA1C,DEU,,,winner,,,,medium,DEU,
ae2e5449-0ec0-4d8f-a1d6-d1b1873de3af,1,Maksuti Bau GmbH,DE289163188,Kleinmachnow,14532,DE40E,DEU,,,winner,,,,medium,,
b8fca565-fb07-456d-b574-fc6ed121bda8,1,Ingenieurbüro Schoberth & Partner mbb,DE220184356,Bad Reichenhall,83435,DE215,DEU,,,winner,,,,medium,DEU,
19ddef28-8e18-4e13-919c-1887456cde3d,1,Dreierarchitektur GmbH,DE339737838,Krumbach,86381,DE278,DEU,www.dreierarchitektur.de,,winner,,,,small,,FALSE
ab617139-15a4-4f2d-8afc-ec7e2be83f3b,1,ACP IT Solutions AG,DE 257612312,Jena,7745,DEG03,DEU,,,winner,,,,medium,DEU,
c3ff3ce9-9a91-4c21-9109-fa0f662fff08,1,BIG Städtebau GmbH,DE322837421,Kronshagen,24119,DEF0B,DEU,,,winner,,,,medium,DEU,
c72d31b9-ce6f-4a57-9473-920658fa5e1e,1,Fußböden Fleischmann GmbH,DE197183860,Strullendorf,96129,DE245,DEU,,,winner,,,,small,,
279a85a2-fbd4-4137-930b-4204f406b5c7,1,Firma Sülzle Kopf GmbH,Ust-IdNr. DE252460908,Sulz am Neckar,72172,DE135,DEU,www.suelzle-kopf.de,,winner,,,,medium,,FALSE
ea2a3fd0-bdfb-41b1-bf20-b35618e85a50,1,SoftwareONE Deutschland GmbH,DE 141626867,Leipzig,4329,DED51,DEU,,,winner,,,,large,DEU,
a0f00abf-a319-4de8-9438-106a4cad4a00,1,VSU Hamburg-Wacht GmbH,DE811324913,Hamburg,22041,DE600,DEU,,,winner,,,,medium,DEU,
a0f00abf-a319-4de8-9438-106a4cad4a00,1,proSicherheit GmbH,DE312257315,Elmshorn,25336,DEF09,DEU,,,winner,,,,small,DEU,
e760e380-f0e3-47a6-9b4a-ca295c5d2af1,1,Gotthilf Benz Turngerätefabrik GmbH & Co.KG,DE 147223531,Winnenden,71364,DE116,DEU,,,winner,,,,medium,,
7c3bf0e8-4e29-4395-b3dc-84e9be9f7dbb,1,Actemium Cegelec Mitte GmbH,DE 338616547,Hamburg,22415,DE600,DEU,,,winner,,,,medium,DEU,
2e88789d-9229-4afd-9177-8cb7785668fa,1,"allmannwappner GmbH, Nymphenburger Str. 125, 80636 München",DE 236 913 163,München,80636,DE212,DEU,,,winner,,,,medium,,
b52c07a1-05a1-4bba-9b93-88faea394707,1,"Welcome Hotel Paderborn
Betriebsgesellschaft mbH und Co. KG",DE254153684,Paderborn,33102,DEA47,DEU,,,winner,,,,small,,FALSE
eeab5b62-eb07-494d-9181-3b988382dbe5,1,Zweering Helmus Architekten PartGmbB,Steuernummer: DE 296 970 953,Aachen,52062,DEA2D,DEU,https://zhac.de,FALSE,winner,,,,small,,FALSE
c9f3b52c-184e-4faf-b157-71b42d155060,1,Daimler Buses GmbH,DE147032272,Leinfelden-Echterdingen,70771,DE111,DEU,,,winner,,,,large,,
fd3937a5-339c-4f40-915b-89d3f648ac22,1,Orkan Elektrotechnik GmbH,DE350426600,Parchim,19370,DE80O,DEU,https://orkan-elektro.de,,winner,,,,medium,,FALSE
2f20a9cf-3a37-45d9-b3b3-639eaa0d9216,1,"ISH Innovative Sanitär- & Heizungstechnik
Meisterbetrieb René Blask",DE249506569,Lübz,19386,DE80O,DEU,https://www.ish-luebz.de/,,winner,,,,medium,,
68115aa2-c9c7-452e-8c26-b21153e476d7,1,Industrieklettertechnik Berlin,DE245958392,Berlin,10435,DE300,DEU,,,winner,,,,micro,,
9f1e65fb-4ee5-4c1e-ae12-06064bedf1a5,1,Klimatech Service OT GmbH,DE225962186,Berlin,13435,DE300,DEU,,,winner,,,,small,,
3ce2676d-ab1a-48f3-86f1-532620be4ae7,1,Tischlerei Gerhard Drogoin GmbH Krauschwitz,DE220912666,Krauschwitz,2957,DED2D,DEU,,,winner,,,,medium,,
3cb3326e-b894-4db3-8822-e6f78805ad15,1,Partenheimer & Co. GmbH,DE138745627,Wittstock,16909,DE40D,DEU,,,winner,,,,small,,
e7776054-bd9b-4f5b-aaed-210a3887870d,1,Speedpoint GmbH,DE209238044,Darmstadt,64295,DE711,DEU,,,winner,,,,medium,DEU,
fcbdee43-961a-405e-be83-24f69bb958f9,1,Lindner SE,UStID. Lindner-Group.com DE129256988,Arnstorf,94424,DE22A,DEU,,,winner,,,,large,,FALSE
95c02a9e-be00-47dd-b344-57f3cbc64acb,1,W-Plan Ingenieurbüro,DE203702641,Unterhaching,82008,DE21H,DEU,,,winner,,,,medium,DEU,
97eed855-2ee0-4a23-9388-501bd60ff113,1,BPR Dr. Schäpertöns Consult GmbH & Co KG,DE299809458,Bad Reichenhall,83435,DE215,DEU,,,winner,,,,medium,DEU,
86eb033a-3463-46bf-9927-47b148bce0e2,1,Klaeser & Partner,DE295051019,Waren,17192,DE80J,DEU,,FALSE,winner,,,,small,DEU,FALSE
4f5f52b9-2c15-437d-9906-45f9854b84e0,1,Kühne Dachsysteme GmbH,DE 195043975,Chemnitz/OT Grüna,9224,DED41,DEU,,,winner,,,,medium,DEU,
7e41a9bc-4bb4-4b99-9c11-bd6389799430,1,Weigerstorfer GmbH,DE130961646,Freyung,94078,DE225,DEU,,,winner,,,,medium,DEU,
c900f05e-aef5-4fd6-bf2e-eef8bded9183,1,KLAWA Anlagenbau GmbH,DE187057856,Gudensberg,34281,DE735,DEU,,,winner,,,,medium,DEU,
186d4f81-678c-4786-8fc9-4334b30060ec,1,bsb Bau Malchin GmbH,DE245227414,Malchin,17139,DE80J,DEU,,FALSE,winner,,,,small,,FALSE
bb3e454b-7097-436f-aa68-5932b647605a,1,Rotaria Energie- und Umwelttechnik GmbH,Handelsregister Rostock HRB Nr. 9073 UST-Ident-Nr. DE 222293572,Ostseebad Rerik,18230,DE80K,DEU,https://www.rotaria.com/,,winner,,,,,,
e5f00594-5dcf-4482-8cec-af246628eb93,1,Ihr Tischler GmbH&Co KG.,DE 163 630 483,Harth-Pöllnitz,7570,DEG0L,DEU,,,winner,,,,small,DEU,
72c34d46-f6b7-4e38-a4cf-c3795850d353,1,Philips GmbH,DE812927597,Hamburg,22335,DE600,DEU,,,winner,,,,large,,
5337843b-9d67-4d43-9d14-72fa7a06860c,1,Lebenshilfe Braunschweig gGmbH,Umsatzsteueridentifikationsnummer DE 114 881 041,Braunschweig,38122,DE911,DEU,,,winner,,,,medium,,
ad7431e9-d299-4604-94e9-ad40aa40b455,1,Steinbacher-Consult Ingenieurges. mbH & Co. KG,DE 814285722,Neusäß,86356,DE276,DEU,,,winner,,,,medium,,
7c5f45c6-997b-4163-aaee-58f8c18f074f,1,Proklima GmbH,DE188862501,Nürnberg,90411,DE254,DEU,,,winner,,,,small,DEU,
cef2384a-a5e7-46cf-8074-10572e1b9eca,1,Berlin Cuisine Jensen GmbH,DE 285 9928 45,Berlin,10553,DE300,DEU,,,winner,,,,micro,DEU,
1fe1e49a-ea7b-4ecb-bf5b-a525c7a0fee0,1,Hartmann + Helm Planungsgesellschaft mbH,DE196393610,Weimar,99423,DEG05,DEU,https://hhpg.de/,FALSE,winner,,,,small,,FALSE
5e0d097e-e447-4996-83a8-851aae48e300,1,"Mayerhofer Hoch-, Tief- und Ingenieurbau GmbH",DE129263614,Simbach am Inn,84359,DE22A,DEU,,,winner,,,,large,,
9dc1f029-e270-433c-ab60-3645fcdfa468,2,Bergen Haustechnik e.K.,DE300004014,Großkarolinenfeld,83109,DE21K,DEU,,,winner,,,,small,DEU,
13ff1dea-78bb-4ef4-9547-befb5cbdb629,1,KNITTEL GmbH Städtereinigung,DE 813863200,Vöhringen,89269,DE279,DEU,,,winner,,,,medium,DEU,
ad9e1958-e7ff-4d76-9481-1d30275dd4fe,1,Onkelbach GmbH,DE200922966,Korschenbroich,41352,DEA1D,DEU,,,winner,,,,small,,
6115328a-258f-4e17-995b-5d0f2a522ec1,1,Metallbau Christ GmbH,DE 335560314,Burgoberbach,91595,DE256,DEU,,,winner,,,,small,DEU,
90f10624-e5d9-46f9-8338-521b2fee5bc7,1,Ice-Tec-Celle GmbH,DE325530292,Lachendorf,29331,DE931,DEU,,,winner,,,,small,DEU,
c69cef4d-70b7-42d1-b299-73626c4ea3bb,1,Architekturstudio pm PartG mbB,DE 187 988 492,Minden,32427,DEA46,DEU,,,winner,,,,small,DEU,FALSE
1ec30977-18bb-461b-afd4-895454d3b49e,1,c-trace S&L GmbH,DE 814528292,Bielefeld,33605,DEA41,DEU,,,winner,,,,small,DEU,
1ec30977-18bb-461b-afd4-895454d3b49e,1,SULO Deutschland GmbH,DE126045209,Herford,32051,DEA43,DEU,,,winner,,,,large,DEU,
302a0f3b-bb55-4760-a73c-61e1dda5f1d8,1,Max Bögl Stiftung & Co. KG,DE 133 228 484,Neumarkt i. d. Opf.,92301,DE236,DEU,,,winner,,,,large,DEU,
6b14273f-17db-4916-bf79-6c09d54504bd,1,Hofmann Naturstein GmbH + Co. KG,DE274580987,Werbach-Gamburg,97956,DE11B,DEU,https://www.info@Lindner-Group.com,,winner,,,,large,,
ff92fda9-3cc0-4712-a313-4e9b6b197b6c,1,KNITTEL GmbH Städtereinigung,DE 813863195,Vöhringen,89269,DE279,DEU,,,winner,,,,medium,DEU,
229823bd-4d04-427b-a657-4d29b154dfe9,1,Doreko,DE226800157,Weimar,99427,DEG05,DEU,,,winner,,,,small,,
9becbbb6-09c6-4785-8658-860a3a62a6ec,1,Hiermer GmbH,DE128945020,Marklkofen,84163,DE22C,DEU,,,winner,,,,medium,,
5361101d-0f70-438c-a4a6-da6b1c1f5a3f,1,"Regal Consult und Handel GmbH, 
NL Dresden",UStID.: DE 232329028,Dresden,1217,DED21,DEU,,,winner,,,,medium,DEU,FALSE
f6b7f2b3-24eb-44aa-a847-2472a95e3acd,1,Gebr. Gassner GmbH,DE 812 826 924,Kempten,87437,DE273,DEU,,,winner,,,,medium,DEU,
7e9cc829-e4f9-42e3-a6ec-4d7e0151b644,1,Nicolas Müller Landschaftsarchitektur,DE291731342,München,80336,DE212,DEU,,,winner,,,,medium,DEU,
2cc28573-b660-4aa7-babc-6b5107db3492,1,SHD System-Haus-Dresden GmbH,HRB 329 (AG Dresden),Berlin,12435,DE300,DEU,,,winner,,,,,,
ed30e507-5493-4988-919f-8d2ce3b5988c,1,a+r Architekten GmbH,DE324942127,Stuttgart,70178,DE111,DEU,,,winner,,,,medium,DEU,
38f1f3e1-07f2-4896-965b-2777e8baf876,1,Energieanlagen Nord GmbH,DE137268064,Neubrandenburg,17034,DE80J,DEU,,,winner,,,,medium,,
83a41d9e-b84e-469d-8a0c-b630b08cca4f,1,Wahlen & Schabbach Elektroinstallations GmbH,DE137917761,Weiskirchen,66709,Dec02,DEU,,,winner,,,,medium,,
87fd0841-6e37-4a20-be7b-556de8bf341e,1,Luxgreen Climadesign,DE 23 27 24 663,Regensburg,93047,DE232,DEU,,,winner,,,,medium,DEU,
6b3015aa-872b-4c38-956e-ebdb3cc68be6,1,john becker ingenieure GmbH & Co. KG,DE317870415,Lilienthal,28865,DE936,DEU,,,winner,,,,medium,DEU,
a7094fdc-9e69-4b9f-a1b4-d1910161481e,1,Küchen Thurm GmbH,DE238680630,Gera,7546,DEG02,DEU,,,winner,,,,medium,DEU,
c6014eab-c64d-4b25-b1a1-2473202af8e6,1,Schmitz-Feuerwehrtechnik GmbH,DE348953725,Farnstädt,6279,DEE0B,DEU,,,winner,,,,small,DEU,
c6014eab-c64d-4b25-b1a1-2473202af8e6,1,WolfgangJahn GmbH,DE133545195,Wendelstein,90530,DE25B,DEU,,,winner,,,,small,DEU,
b932687f-db16-43ee-b8ac-8bf34d632ed9,1,Alpina AG NL Berlin,DE151979465,Berlin,13057,DE300,DEU,,,winner,,,,medium,DEU,
3b690412-7377-401b-aad2-98c22a000580,1,RBK GmbH,DER3201,Bonn,53119,DEA22,DEU,,,winner,,,,medium,DEU,
381f2efb-7c17-471a-a65a-45d139235a92,1,"roterpunkt architekten Kistler, Sohn, Waizenegger Architektenpartnerschaft mbB",DE315817864,Ravensburg,88214,DE148,DEU,,,winner,,,,micro,,
e245ee64-bacc-4171-a9e0-a68f6235317c,1,"Marco Hecker, HBM Automobile Hecker",DE251431522,Jucken,54689,DEB23,DEU,,,winner,,,,micro,DEU,
e245ee64-bacc-4171-a9e0-a68f6235317c,1,Gebr. Andre GmbH,DE153911161,Prüm,54595,DEB23,DEU,,,winner,,,,small,DEU,
e245ee64-bacc-4171-a9e0-a68f6235317c,1,"Renate Thommes, Reisen mit Thommes",DE197972712,Daleiden,54689,DEB23,DEU,,,winner,,,,small,DEU,
3919e38f-ec73-484a-bfd8-7568c550c982,1,KRAFT. RAUM. Landschaftsarchitektur und Stadtentwicklung,DE 279749319,Düsseldorf,40549,DEA11,DEU,,,winner,,,,small,DEU,
babdb90c-099a-4d64-aadd-66ad967af069,1,Nickl Architekten Deutschland GmbH,DE322535282,München,80939,DE212,DEU,,,winner,,,,,,
f4148229-d5e9-47ee-a164-6739d7b1a3e2,1,Antony & von zur Müglen GbR,DE301589110,Berlin,13086,DE300,DEU,,,winner,,,,medium,DEU,
95ed7a73-e67c-444f-bf1a-eb0b083a0e8e,1,G. Bekteshi Trcoeknbau Gmbh,DE365447529,Bad breisig,53498,DEB12,DEU,,,winner,,,,small,DEU,
6c3e4d8d-05e3-4607-a9ea-a33da0983904,1,Joh. Kallinger Kirchenrestaurierung GmbH,DE 204796385,Vilshofen a. d. Donau,94474,DE228,DEU,,,winner,,,,,,
811015f7-2afd-4077-b8ee-465cc950a766,1,Fedres GmbH,DE815591129,Berlin,13509,DE300,DEU,,,winner,,,,medium,DEU,
811015f7-2afd-4077-b8ee-465cc950a766,1,Plischka Umzüge GmbH,DE136643664,Berlin,12277,DE300,DEU,,,winner,,,,medium,DEU,
3d039f52-f64f-4546-bec1-dbbf95c322ed,1,Schröder GmbH & Co. KG Interdisziplinäre Freiraumplanung,DE365815745,Essen,45257,DEA13,DEU,https://galaschroeder.de/,,winner,,,,small,,
1a958f68-60c8-443b-a3d0-d13b381a451c,1,Gies Dienstleistungen GmbH,DE 112 625531,Stadtallendorf,35260,DE724,DEU,,,winner,,,,large,,
1a958f68-60c8-443b-a3d0-d13b381a451c,1,Werner Companies GmbH,DE128930575,Ergolding,84030,DE227,DEU,,,winner,,,,large,,
1a958f68-60c8-443b-a3d0-d13b381a451c,1,Enzian Clean Services,DE337249836,Pfaffenhofen an der Glonn,85235,DE217,DEU,,,winner,,,,small,DEU,
51fb1bc4-e3da-4c18-93ee-3d583000a3ae,1,Marc Falck Dachdeckermeister,DE219153524,Falkensee,14612,DE408,DEU,,,winner,,,,small,DEU,
4f64c1d4-6b04-4826-9754-ce3ddc51e476,1,Bucher Municipal GmbH,DE811699989,Hannover,30453,DE929,DEU,,,winner,,,,small,DEU,
5aa35244-2005-481c-a016-46461ded2e49,1,Becker & Partner Baugesellschaft mbH,UStID DE 137374634,Rostock,18107,DE80K,DEU,,FALSE,winner,,,,small,DEU,
b50d719a-3444-47c1-8728-cf0964c69941,1,Terramag GmbH,Ust.Id.Nr.: DE219106419,Hanau,63450,DE719,DEU,,,winner,,,,large,,FALSE
94806456-6fff-4668-9753-a60c60c90b7c,1,KREBS+KIEFER Ingenieure GmbH,DE 167449710,Dresden,1067,DED21,DEU,,FALSE,winner,,,,large,DEU,
83e42bd0-e8b3-4f56-aa02-6c8f250e1ee4,1,GWV Gesellschaft für Wertstoff-Verwertung mbH,USt-IdNr: DE146 196 886,Remseck,71686,DE115,DEU,,,winner,,,,large,,FALSE
1185056d-d059-4161-a0b2-0634e1100bb7,1,ASPHALTA Ingenieurgesellschaft für Verkehrsbau mbH,DE171028723,Falkensee,14612,DE408,DEU,,,winner,,,,medium,DEU,FALSE
044b3acd-8bb9-4f46-bee0-8fc9355d14ca,1,Maler Stark GmbH & Co. KG,DE240518627,Treuchtlingen,91757,DE25C,DEU,,,winner,,,,medium,DEU,
a8e213aa-0827-4fdb-bd91-7f0868a42294,1,MEAB mbH,DE138456717,Potsdam,14476,DE404,DEU,,,winner,,,,small,DEU,
f1ea3baa-2399-4a12-bda2-ba3291c62ebb,1,Aschenbrenner GmbH,DE113090719,Kassel,34123,DE731,DEU,,,winner,,,,small,DEU,
4e391885-a2f5-4d92-b418-78f42a26853c,1,Elektro Hufmann GmbH,DE 251068843,Hilpoltstein,91161,DE25B,DEU,,,winner,,,,small,,
26aa076a-88b2-431c-a79a-02b12cd59e4d,1,EUGEN WAHNER GmbH,DE229415465,Sulzfeld,97320,DE268,DEU,,FALSE,winner,,,,small,DEU,FALSE
60d72973-245c-4f1e-8c70-ed6b0e95aba3,1,GBAV,DE188893705,Berlin,12347,DE300,DEU,,,winner,,,,medium,DEU,
3f563e2a-587e-4500-9521-71e5d441c4a5,1,KES GmbH,DE275482997,Vellmar,34246,DE734,DEU,,,winner,,,,small,DEU,
9ca7e392-d939-486b-b283-0352477455ad,1,Fahrtec Systeme GmbH,DE 813298523,Neubrandenburg,17034,DE80J,DEU,,,winner,,,,small,DEU,
cc6f4b25-971e-4039-adbe-c01d1b7d015d,1,RGM Facility Management GmbH,DE273238038,Berlin,12487,DE300,DEU,,,winner,,,,,,
cc6f4b25-971e-4039-adbe-c01d1b7d015d,1,WISAG Facility Management Berlin GmbH & Co. KG,DE813110012,Berlin,10247,DE300,DEU,,,winner,,,,,,
98b4580b-8550-4c74-87b3-2f246d25d424,1,FHS Spenglerei GmbH,DE343542165,Oberstdorf,87561,DE27E,DEU,,,winner,,,,medium,DEU,
eba51e92-be7e-4dd8-8bdb-b739070848a6,1,Hertwig + Kretzschmar AGK,DE309726063,Hannover,30161,DE929,DEU,,FALSE,winner,,,,small,DEU,FALSE
1793fd7e-0222-48db-ba8f-733fb0551ed6,1,Reisebüro Ferienglück GmbH,DE253178056,Krün,82494,DE21D,DEU,,,winner,,,,small,DEU,FALSE
d159efa2-061c-4a5e-a1e5-72c11843a4ff,1,Wolk Gebäudereinigung GmbH,DE247247510,Warburg - Schefede,34414,DEA44,DEU,,,winner,,,,small,DEU,
17df4516-067b-4e08-ac01-63d51c38aec1,1,Mennekes Haustechnik GmbH & Co. KG,DE113061939,Eschwege,37269,DE737,DEU,,,winner,,,,small,DEU,
dbfcb789-e968-43af-b1f9-a188530335c0,1,DEMA GmbH,DE325781043,Beverungen,37688,DEA44,DEU,,,winner,,,,small,DEU,
98efc24b-e935-406e-805f-51e84c82bfbc,1,Schlingmann GmbH & Co. KG,DE 117 581 776,Dissen,49201,DE94E,DEU,,,winner,,,,small,DEU,
a064ae6f-48de-4e8e-b44c-f0e6060b33ea,1,SHT Suhler Hebezeugtechnik GmbH,DE 813962917,Suhl,98529,DEG04,DEU,,,winner,,,,small,DEU,
1b63a928-3b67-414b-a176-60d35bdabdd5,1,Büroart GmbH,DE129307546,München,81673,DE212,DEU,,,winner,,,,medium,,
1b63a928-3b67-414b-a176-60d35bdabdd5,1,VS Vereinigte Spezialmöbelfabriken GmbH & Co. KG,DE146587381,München,81829,DE212,DEU,,,winner,,,,medium,,
1fb98872-0852-40b0-90ba-57ff301961bd,1,Wagener Technik GmbH,DE 245116535,Kassel,34123,DE731,DEU,,,winner,,,,small,DEU,
280fa512-7376-46e1-aca6-67f26ce749c7,1,Claus Ellenberger Bau GmbH,DE 226119744,Herleshausen,37293,DE737,DEU,,,winner,,,,small,DEU,
9461b837-188d-4a10-882e-c343e7e600e2,1,bein & daume GbR,DE266283421,Kassel,34119,DE731,DEU,,,winner,,,,small,DEU,
9cc5b557-2d30-403b-aafc-ccb5a2749e40,1,ebis GmbH,DE217433868,Lutherstadt Eisleben,6295,DEE0A,DEU,,,winner,,,,small,DEU,
2ae13a8f-e8d0-4eef-a0fd-a3c56b6ef74f,1,Limprecht&Sohn GmbH,DE150106983,Gotha,99867,DEG0C,DEU,,,winner,,,,small,DEU,
767bbb4c-5d17-48d9-a5fc-86b93c6bf76b,1,Akustik- und Trockenbau Meinecke,DE248704916,Kalbe,39624,DEE04,DEU,,,winner,,,,small,DEU,
773f9f7b-bff7-464b-b629-f7dbee41a500,1,Sedlmeyr Spezialtüren GmbH,DE 206331915,Friedberg,86316,DE275,DEU,,,winner,,,,medium,DEU,
78f64659-41f3-4e9d-b34a-89a61b147143,1,2M Gruppe GmbH,DE226001039,Potsdam,14478,DE404,DEU,,,winner,,,,large,DEU,
78f64659-41f3-4e9d-b34a-89a61b147143,1,"Wohlgemuth Dienstleistungen, Inh. T. Wohlgemuth",DE239440456,Berlin,13509,DE300,DEU,,,winner,,,,medium,DEU,
78f64659-41f3-4e9d-b34a-89a61b147143,1,RUWE GmbH,DE204115278,Berlin,13053,DE300,DEU,,,winner,,,,large,DEU,
b006a89d-578e-4a39-b460-e6e85fbdfdd6,1,Perfekt Bodenbau GmbH,DE305771334,Nalbach,66809,Dec04,DEU,,,winner,,,,small,DEU,
9dea3d33-ee8f-4d9e-b525-297bd319ea06,1,IBV Ingenieurbüro für Vermessung GmbH,DE 164 760 289,Dresden,1067,DED21,DEU,,FALSE,winner,,,,small,DEU,FALSE
b1a169a0-aaae-45cd-8d9a-bebc6f8e6f48,1,EQQO Infra GmbH,DE 340 005 351,Neuenkirchen,48485,DEA37,DEU,,,winner,,,,medium,,FALSE
1bfc7c5b-57ee-4ad5-9f5f-4f993e35f178,1,SCHACHTBAU NORDHAUSEN GmbH,DE150383244,Nordhausen,99734,DEG07,DEU,,,winner,,,,small,DEU,
54327850-11fd-4d04-8368-78e6390f752a,1,Leitec Gebäudetechnik GmbH,DE279622721,Heilbad Heiligenstadt,37308,DEG06,DEU,,,winner,,,,small,DEU,
46362089-bb74-46a2-9259-8310e8e7d5c7,1,Städtische Werke Aktiengesellschaft,DE 811 216 137,Kassel,34117,DE731,DEU,,,winner,,,,large,DEU,
3caabd7e-2aa1-4307-8297-ed7430c17ea4,1,Dietrich Bedachungs GmbH & Co. KG,DE151050440,Kassel,34123,DE731,DEU,,,winner,,,,small,DEU,
f08df6ea-c094-46d8-880c-eaf04ac7804b,1,Ruhstrat Haus- und Versorgungstechnik GmbH,DE 152 335 723,Göttingen,37079,DE91C,DEU,,,winner,,,,small,DEU,
e476ed89-e538-4b6f-8293-fea64b16d4ac,1,Förstermann Fahrzeugbau GmbH & Co. KG,DE286314173,Einbeck,37574,DE918,DEU,,,winner,,,,small,DEU,
f30d2c40-5932-458c-ae88-f27a789a8899,1,TSI GmbH & Co. KG,DE 275 635 559,Nesse-Apfelstädt,99192,DEG0C,DEU,,,winner,,,,medium,,FALSE
808bf840-3352-4550-af1c-c0293eff6113,1,"ARGE Projektplan PartG mbB, Ehrhardt und Krüger / ZWICKER Bauconsult GmbH",DE 310735143,Stuttgart,70173,DE111,DEU,,FALSE,winner,,,,small,,FALSE
498aa251-4b6f-47c1-8a52-cad2072db59d,1,Taufratshofer Bichtele GmbH,DE 128 669 857,Blonhofen,87662,DE27B,DEU,,,winner,,,,,,
d01930fb-8a84-4a41-bf7f-64ef3bea76b0,1,Lothar Klöckner GmbH,DE126566320,Siegen,57072,DEA5A,DEU,https://l-kloeckner.de/,FALSE,winner,,,,small,DEU,FALSE
00175651-6292-44f0-a5dc-b116ae8e2d6f,1,Zöller-Kipper GmbH,DE149065095,Mainz-Laubenheim,55130,DEB35,DEU,,,winner,,,,large,DEU,
fd71dc60-19e0-402e-a5af-9ec4de306626,1,JENOPTIK Robot GmbH,DE119423549,Monheim am Rhein,40789,DEA1C,DEU,,,winner,,,,large,DEU,
0d1de1c5-2687-4652-af94-35268df65b7e,1,Linkamp GmbH,UStID.DE243840193,Anröchte,59609,DEA5B,DEU,,,winner,,,,,,
e389df48-bcce-4df2-bd86-8de6b1cc08c8,1,Gerken GmbH,DE169192864,Düsseldorf,40599,DEA11,DEU,,,winner,,,,large,DEU,
e389df48-bcce-4df2-bd86-8de6b1cc08c8,1,mateco GmbH,DE 180824800,Leonberg,71229,DE112,DEU,,,winner,,,,large,DEU,
ba093077-ce67-4a69-a669-ce70d156ac37,1,F&G Bauelemente GmbH,DE245765859,Schleusingen,98553,DEG0E,DEU,,,winner,,,,small,DEU,
d6a7b261-4dea-46dd-a3f2-e5eec18169d7,1,Meyer Haustechnik GmbH,DE812974180,Neustadt a.d.Donau,93333,DE226,DEU,,,winner,,,,small,,
24d0e76a-8653-47cd-a846-cf590d914d62,1,Einrichtungshaus Veh GmbH,DE193209903,Markt Nordheim,91478,DE25A,DEU,,,winner,,,,small,,
adc6005b-ac4e-4732-8945-bb231b53070e,1,Borz GmbH,UStID. DE150514188,Bad Klosterlausnitz,7639,DEG0J,DEU,,FALSE,winner,,,,small,,FALSE
e93c206b-65f0-46ec-9cde-c3ce34abcb39,1,Probat Bau AG,DE300539944,Feldkirchen,85622,DE21H,DEU,,,winner,,,,large,,
f91ed586-886d-46e3-b76c-d1ba1a454b94,1,Brandl Innenausbau GmbH,DE 260219340,Kelheim,93309,DE226,DEU,,,winner,,,,medium,DEU,
bc97a26b-99b9-4253-9524-d9efc317b302,1,Steinlehner Innenausbau GmbH & Co. KG,DE293530574,Neuötting,84524,DE214,DEU,,,winner,,,,small,DEU,
f858283e-5a51-4655-b3a6-93c9b6cf2836,1,IBSG,DE128378192,Murnau,82418,DE21D,DEU,,FALSE,winner,,,,small,DEU,FALSE
a36e27f1-b733-4510-9810-ca78ab04b315,1,Erhardt+Leimer Elektroanlagen GmbH,DE 812 828 831,Augsburg,86157,DE271,DEU,,,winner,,,,large,DEU,
c4b7825d-f880-4bd4-815d-15bd32b6b654,1,meta Trennwandanlagen GmbH & Co. KG,DE149513506,Rengsdorf,56579,DEB18,DEU,,,winner,,,,medium,DEU,
a7e17a2d-531a-4be1-8d90-90e1080cb06c,1,geiger & waltner landschaftsarchitekten gmbh,DE297722251,Kempten,87435,DE273,DEU,,,winner,,,,small,DEU,FALSE
382985b5-7714-4b03-a410-3869b2c7b8f6,1,ATH GmbH,DE316432080,Hamburg,22761,DE600,DEU,,,winner,,,,small,DEU,
67144ec5-5a1e-4d1a-93c3-a4758f16028b,1,innovo Bau GmbH,DE309307107,Dachau,85221,DE217,DEU,,,winner,,,,medium,DEU,
5af8c41f-dece-4b70-ac1d-cf6341a5386b,1,ahw Ingenieure GmbH,DE 204606603,Münster,48157,DEA33,DEU,,,winner,,,,small,DEU,FALSE
6576fb20-dbef-4f8a-9dd3-927457cfc261,1,MAN Truck & Bus Deutschland GmbH,DE811125407,München,80995,DE212,DEU,,,winner,,,,large,DEU,
e503e3bd-ea13-4aeb-ab09-fbe1efe40558,1,ZGT Zügner Gebäudetechnik,DE354816853,Altusried,87452,DE27E,DEU,,,winner,,,,small,DEU,
3dd909b5-0f43-4b6e-b915-2fd238a52cc8,1,OTRS AG,DE256610065,Oberursel,61440,DE718,DEU,,,winner,,,,medium,DEU,
e5edf8bd-6b34-4645-92d5-e982d272f446,1,CleanAgent Mehlfeld+Göring GmbH,DE813377567,Kabelsketal OT Gröbers,6184,DEE0B,DEU,,,winner,,,,medium,DEU,
e5edf8bd-6b34-4645-92d5-e982d272f446,1,Willi Frankenstein GmbH,DE118606167,Hamburg,22459,DE600,DEU,,,winner,,,,medium,DEU,
e5edf8bd-6b34-4645-92d5-e982d272f446,1,Hermann Meyer KG,DE134527846,Rellingen,25462,DEF09,DEU,,,winner,,,,medium,DEU,
699894af-04b0-4a7e-b580-e5d026b782f7,1,BSI Ingenieurbau GmbH,DE286427217,Berlin,12277,DE300,DEU,,,winner,,,,,,
91ae82e7-a0b5-42bd-b3fe-39eded63337a,1,LD-Event GmbH,DE305301777,Prenzlau,17291,DE40I,DEU,,,winner,,,,medium,DEU,
901b7c8c-553d-42ad-8639-cd32d884719d,1,"Schreinerei Josef Reuhl, Inh. Jörg Spieler",DE327356829,Hadamar,65589,DE723,DEU,,FALSE,winner,,,,small,DEU,
7fa83061-8c44-4039-b027-fa1202b45b67,1,STOL Großraumbestuhlungen GmbH,DE811938869,Porta Westfalica,32457,DEA46,DEU,,,winner,,,,medium,DEU,
25e9a1e7-4f79-4f7a-945a-32fa1d6da3b3,1,Probat Bau AG,DE 300 539 944,Feldkirchen-München,85622,DE218,DEU,,,winner,,,,large,DEU,
8d7692ed-e418-4bfd-9a01-d9de4201176a,1,Gebrueder Schneider Fensterfabrik GmbH & Co. KG,DE145215842,Stimpfach,74597,DE11A,DEU,,,winner,,,,large,DEU,
bd95d70f-4330-4d8b-bbc2-d9600be0a93d,1,Drees & Sommer SE,DE153533335,Berlin,10717,DE300,DEU,,,winner,,,,large,DEU,
3febb901-f52c-4185-95c4-3d236c97988f,1,M.H. Preis GmbH,DE287477241,München,80333,DE212,DEU,,,winner,,,,medium,DEU,
d8968498-f55a-4e91-b7d5-5c808e0d53d3,1,Innenausbau QSJ GmbH,DE315999688,Siegen,57078,DEA5A,DEU,,,winner,,,,small,DEU,
f0c6e5b2-c5a8-4ff1-90b3-383d8a50b503,1,Maler Stark GmbH & Co. KG,DE 240518627,Treuchtlingen,91757,DE25C,DEU,,,winner,,,,small,DEU,
283b9a80-ce25-4b5a-bfd9-d6d0ec8bd1a0,1,Crayon Deutschland GmbH,DE262904264,Unterhaching,82008,DE21H,DEU,,,winner,,,,large,DEU,
d92fac4e-d81b-49a6-971d-41ecefb39cad,1,SVED Security & Service GmbH,DE363446396,Göppingen,73033,DE114,DEU,https://www.sved-securityservice.de,,winner,,,,large,DEU,
f500c276-1e1d-498b-98a9-9a80d04885f0,1,H+H Brandschutz Service GmbH,DE306523857,Gauting,82131,DE21L,DEU,,,winner,,,,micro,DEU,
2027b268-8c8c-4378-a726-3c5ba51e5f68,1,Kusche & Frotscher,DE136691916,Berlin,13593,DE300,DEU,,,winner,,,,,,
1981126e-9bf8-4d1f-8691-453808acf826,1,MAN Truck & Bus Deutschland GmbH,DE 811125281,München,80995,DE212,DEU,,,winner,,,,large,,FALSE
d9782cf1-21a6-4f86-97f9-3b9d617c6dd4,1,Stölting GmbH Reinigung und Service,DE125014205,Gelsenkirchen,45889,DEA32,DEU,,,winner,,,,large,,FALSE
b8cb1a9b-fabc-4334-b13e-0e3c8c8b3765,1,"A. Lien, Stahl u. Metallbau, Inh. Maik Nebelung
",DE301931109,Sondershausen,99706,DEG0A,DEU,,,winner,,,,,,
e53f53d5-a1b0-4c6d-a5bb-6170c7af5b4e,1,GEOPUNKT Bohrtechnik GmbH,DE302015005,Schönaich,71101,DE112,DEU,,,winner,,,,small,,
287d5759-cef1-4009-933d-9a058595572b,1,Obermeier GmbH & Co. KG,DE127819467,Landau a.d.Isar,94405,DE22C,DEU,,,winner,,,,small,DEU,
641ebf5f-1c0d-4ee2-aad1-b0c3142ae7e3,1,ATC Security-Event-Brandschutz GmbH,DE325714980,Berlin,10627,DE300,DEU,,,winner,,,,,,
bb290762-e4a6-4e7a-93b3-8a576d7e88a6,1,SANA Trennwandbau GmbH,DE228549760,Luhe-Wildenau,92706,DE237,DEU,,,winner,,,,small,DEU,
95c0c7a8-259a-4e0e-ae24-474f7d1408f1,1,Eggerstorfer GmbH,DE154553348,Jandelsbrunn,94118,DE225,DEU,,,winner,,,,small,DEU,
56c0d606-ef10-4120-8ffd-79bbb4292d30,1,NDB Elektrotechnik GmbH & Co. KG,DE116470036,Werder/Havel,14542,DE40E,DEU,,,winner,,,,,,
7967b550-17d9-43f2-93e0-fb3c8a0bd016,1,GISA GmbH,DE 158253683,Halle,6112,DEE02,DEU,,FALSE,winner,,,,medium,,
1595354a-20a4-4aac-ada4-4f60c964bfef,1,ELMATIC GmbH,DE118632108,Hamburg,22085,DE600,DEU,,,winner,,,,large,DEU,
d6a9f269-c3dd-4610-8210-07959cf3037b,1,Gebrüder Peters Gebäudetechnik SE,DE 813429104,Ingolstadt,85055,DE211,DEU,,,winner,,,,large,DEU,
b56f8c31-0f4a-4fc3-97ab-1129712169fe,1,TECTUS Flachdachabdichtungen GmbH,DE1259476455,München,80935,DE212,DEU,,,winner,,,,medium,DEU,FALSE
8e4efbb5-5a60-411f-91e0-d55503a31e4c,1,Gebrüder Wöhrl Grundbau GmbH,DE128582722,Schrobenhausen,86529,DE21I,DEU,,,winner,,,,medium,DEU,
9973535f-d97f-4c55-870d-828391c8edbe,1,Farben Hölzel Maler GmbH,DE281709140,Werdau,8412,DED45,DEU,,,winner,,,,micro,DEU,
4305dc47-3340-4322-9cb1-037360f912cf,1,Baierl & Demmelhuber Hoch- und Ausbau GmbH,DE245333291,Töging am Inn,84513,DE214,DEU,,,winner,,,,medium,DEU,
d2b7a62f-caee-4002-a0c3-7ecbb859c5e7,1,ISS Engineering GmbH,DE256823055,Berlin,10557,DE300,DEU,,,winner,,,,small,DEU,
515a8a0b-a477-4f5d-8a90-2a5de5a6c1fe,1,Rheinmetall Electronics GmbH,DE811127845,Bremen,28309,DE501,DEU,,,winner,,,,large,,
86ef1298-f1b8-4a4d-9c29-5501b6b05f72,1,Hirsch GmbH,DE129374626,München,81379,DE212,DEU,,,winner,,,,small,DEU,
eee9ee73-0175-4263-be26-ef8007807bd0,1,ASS-Einrichtungssysteme GmbH,DE218715721,Stockheim,96342,DE24A,DEU,,,winner,,,,large,DEU,
623acb0d-3ef5-48bb-b00b-f131dce2d751,1,Stahlwasserbau Beeskow GmbH,DE 16 111 5300,Beeskow,15848,DE40C,DEU,,,winner,,,,medium,DEU,
623acb0d-3ef5-48bb-b00b-f131dce2d751,1,HST Systemtechnik GmbH & Co. KG,DE265537270,Meschede,59872,DEA57,DEU,,,winner,,,,medium,DEU,
ba796469-239d-4dd9-9702-bcaa68a6f6bd,1,Land & Bau Kommunalgeräte GmbH,DE 813 503 446,Rendsburg,24768,DEF0B,DEU,,,winner,,,,small,DEU,
fa066da0-2a90-40b4-bb81-fea702b22e9b,1,Groth & Co. Bauunternehmen GmbH,DE815621812,Pinneberg,25421,DEF09,DEU,,,winner,,,,,,
65903274-17c0-478d-9af5-44bd3eaf97a8,1,Umweltzentrum Hannover e.V.,DE172204497,Hannover,30159,DE929,DEU,,,winner,,,,medium,DEU,
fddfd064-90af-4816-966a-475ab40f9a51,1,ENDRESS Elektrogerätebau GmbH,DE146477419,Bempflingen,72658,DE113,DEU,,,winner,,,,medium,DEU,
af79145f-6b9d-4429-b5de-86ddda0428a9,1,R+S solutions GmbH,DE253231861,Radebeul,1445,DED2E,DEU,,,winner,,,,large,DEU,
567776ac-4feb-4d38-b0a7-cfbe978c6814,1,Dipl.-Ing. Emil Hönninger GmbH & Co.,DE195861200,Kirchseeon,85614,DE218,DEU,,,winner,,,,medium,DEU,
03a172d8-7e9d-4945-a8a1-b0c7e28a28ed,1,Agrar-Struller Mietservice,DE311751589,Thalmässing,91177,DE25B,DEU,,,winner,,,,medium,DEU,
0cdddd23-27d7-4041-97b1-6bbb89c59779,1,Stuck-Lowe GmbH,DE284040818,Großpösna,4463,DED52,DEU,,,winner,,,,small,,
db89dd94-603c-4525-8470-7bc7decd12d4,1,stadtraum GmbH,DE 137 187 842,Berlin,10245,DE300,DEU,,,winner,,,,small,DEU,
67b43afa-31d0-4054-b5ab-6e7b41c54e0d,1,BRAUN Lighting Solutions e.K.,DE209943842,Berlin,12277,DE300,DEU,,,winner,,,,medium,DEU,
b1c73ac4-bc8a-4b03-88ac-b182932b7d0b,1,Butz Aufzüge GmbH,DE270810049,Bergkirchen,85232,DE217,DEU,,,winner,,,,medium,DEU,
f5294005-d5bf-41cc-b104-cf419b327866,1,Toni Maurer GmbH & Co. KG,DE129205077,Türkheim,86842,DE27C,DEU,,,winner,,,,medium,DEU,
70961796-abb2-4031-9cf4-129938019d78,1,Raum + Ausstattung Schenk-GmbH,DE354068357,Augsburg,86165,DE271,DEU,,,winner,,,,small,DEU,
172bb1d4-9127-457c-b944-acffd63e2712,1,FHV Homann GmbH,DE 292028774,Brakel,33034,DEA44,DEU,,,winner,,,,small,DEU,
82e4c84c-886c-4c98-8674-7abe66059c2b,1,Thorandt Metallbau GmbH & Co. KG,DE306780582,Dresden,1328,DED21,DEU,,,winner,,,,small,,
37172d3c-4155-4c49-96f3-34cfb3f01fff,1,Graf Holzbau,DE204795874,Salzweg,94121,DE228,DEU,,,winner,,,,medium,DEU,
797070f2-cc1d-4ecd-963d-b618a363b829,1,MAX STREICHER GmbH & Co. KG aA,DE813269370,Deggendorf,94469,DE224,DEU,,,winner,,,,large,DEU,
a810ae45-a98a-4d0c-930b-03d47732c946,1,"Jebsen & Jessen Industrial Solutions GmbH
Rödingsmarkt 16
20459 Hamburg",VAT Reg. No. DE 259992376; Tax No. 27/120/05214,Hamburg,20459,DE600,DEU,,,winner,,,,medium,,
0646a926-e333-4656-8899-d86e35c7307b,1,Plastimat GmbH,DE138704740,Oranienburg,16515,DE40A,DEU,,,winner,,,,small,DEU,
d6fc05aa-79a3-4254-8273-f06fa4cce966,1,C.B. König Feuerschutz GmbH,DE134782421,Borstel-Hohenraden,25494,DEF09,DEU,,FALSE,winner,,,,small,,FALSE
4050dd8e-5ea0-42d0-836c-6118ec05d219,1,Artur Stoll GmbH,DE126957233,Steinhagen,33803,DEA42,DEU,,FALSE,winner,,,,medium,DEU,FALSE
629428dd-721a-40f8-83bf-50b80d8b6d6e,1,Tischlerei Karl-Heinz Höche  Inh. Martin Kuhnert  e.K.,DE292426523,Melbeck,21406,DE935,DEU,,,winner,,,,small,DEU,
82bfbf10-57de-41a1-98b3-55af4f5d0296,1,Mayr Ludescher Partner Beratende Ingenieure Part GmbB in Arge mit asp Architekten GmbH,DE305761437,München,80796,DE212,DEU,https://www.mayr-ludescher.com/,,winner,,,,small,,
82bfbf10-57de-41a1-98b3-55af4f5d0296,1,Bergmeister Ingenieure GmbH,DE293308061,München,81549,DE212,DEU,https://www.bergmeister.eu,,winner,,,,small,,
d699f39e-8142-4f0f-a2d8-afb5447054ff,1,WipflerPLAN Planungsgesellschaft mbH,DE179110258,Pfaffenhofen a.d. Ilm,85276,DE21J,DEU,,,winner,,,,medium,DEU,
f5e59e1e-590b-415a-8aa5-f3a01a921ab5,1,Bummer Hof Planungs-GmbH,DE 246 550 012,Bad Kötzting,93444,DE235,DEU,https://team-bhp.de,,winner,,,,small,,
7a383dc2-0105-439f-aee3-89585cc289c1,1,baum + kappler Architekten GmbH,DE258422513,Nürnberg,90403,DE254,DEU,,,winner,,,,medium,,
e5a3071a-ccf3-4651-a5d9-206815be180c,1,"Strabag AG                                           
Direktion Niedersachsen/Sachsen-Anhalt",UStID.DE137223649,Mertendorf OT Görschen,6618,DEE08,DEU,www.strabag.de,,winner,,,,large,,
fec7617f-d6f9-470e-8f04-a2300eb325be,1,Heinle Energie & Automationstechnik GmbH,DE241461063,Nördlingen,86720,DE27D,DEU,,,winner,,,,small,DEU,
7b5c894d-b0a6-46eb-8d9e-e759f74ae8a9,1,Theis Consult GmbH,DE255535825,Aachen,52066,DEA2D,DEU,,,winner,,,,small,DEU,
9740467a-4f22-4436-bdf6-3728d3f33913,1,"B&V Hoch-, Kabel- und Tiefbau GmbH",UStID.DE150092505,Apolda,99510,DEG0G,DEU,www.bv-apolda.de,,winner,,,,medium,,
2dc1f5ea-73a5-443b-b7bf-63525cc0b023,1,Carl Rainer Baugesellschaft mbH,DE 131 553 939,Trostberg,83308,DE21M,DEU,,,winner,,,,,,
d223f971-8777-4ce1-b3da-fee8a987229f,1,Rieker Planungsgesellschaft mbH,DE 325855258,Nürnberg,90449,DE254,DEU,,,winner,,,,medium,,
d9b1b33e-49c1-402a-9c96-3ca8620210fb,1,Pfaller Ingenieure GmbH &  Co. KG,DE256577296,Nürnberg,90408,DE254,DEU,,,winner,,,,medium,,
2c1456cc-f35a-4414-a259-ab430e518776,1,Ingenieurbüro Wißmeier GmbH,DE 239180551,Heroldsberg,90562,DE257,DEU,https://ww.ibw75.de,,winner,,,,small,,
a4550e50-a947-4477-931c-ddab6b33b38d,1,Fritsch Knodt Klug +,DE201337062,Nürnberg,90403,DE254,DEU,https://www.fritsch-knodt-klug.de,,winner,,,,small,,
f9d586de-390c-49e6-a33c-e0267e6908be,1,MATTHÄI Bauunternehmen GmbH & Co. KG,DE290842366,Westerstede,26655,DE946,DEU,,,winner,,,,medium,,
7202a191-260b-4021-b942-d1c5446260e2,1,IB Trieb GmbH & Co. KG,DE35 29 45 289,Mühldorf am Inn,84453,DE21G,DEU,,,winner,,,,micro,,
835645dc-c373-4a2a-97d5-15ba25c8794f,1,CBRE GmbH,DE114205595,Stuttgart,70173,DE111,DEU,,,winner,,,,medium,,
7f63d766-3cef-4030-8dc1-43bb5728c05d,1,knippershelbig GmbH,DE259348879,Stuttgart,70178,DE111,DEU,,,winner,,,,medium,,
d0cb827c-16b1-4c56-8e73-78da92bff4a1,1,BUERO BB Scheffler Bickel Bertsch Architektenpartnerschaft mbB,DE350154841,Stuttgart,70178,DE111,DEU,,,winner,,,,small,,
9b142369-f041-4109-be42-17c03ecf191e,1,dreigegeneinen architektur - urbane strategien – gestaltung,DE271787070,Berlin,12043,DE300,DEU,,,winner,,,,small,,
9b142369-f041-4109-be42-17c03ecf191e,1,Schuler und Winz Landschaftsarchitekten PartGmbB,DE321946119,Stuttgart,70188,DE111,DEU,,,winner,,,,small,,
93e7b318-6abd-4d70-a2e9-ed0740be7e13,1,MAN Truck & Bus Deutschland GmbH,USt.ID-Nr. DE811125407,Neu-Ulm,89231,DE279,DEU,,,winner,,,,large,,
7c710861-b022-41a3-9bdb-73abde8dafe8,1,FBS GmbH,DE325609310,Merzig,66663,Dec02,DEU,,,winner,,,,small,TUR,
fcfafd18-0332-455b-9ebd-df38a1861181,1,Großküchentechnik Bergisch-Land GmbH,DE296608713,Essen,45219,DEA13,DEU,,,winner,,,,micro,DEU,
e2811d32-2aad-4551-9ff7-6a9b91774cdb,1,Sonepar Deutschland / Region Nord-Ost GmbH,DE811251715,Glinde,21509,DEF0F,DEU,,,winner,,,,small,DEU,
d94a72a1-7a75-4a20-a6df-530e33fe6bc0,1,Schmidmeier NaturEnergie GmbH,UStID.DE263418361,Zeitlarn,93197,DE238,DEU,www.schmidmeier.com,,winner,,,,medium,,
4aea6962-882c-4f88-a471-5a8c30103f47,1,Bickhardt Bau SE,DE 156 240 879,Kirchheim,36275,DE733,DEU,,,winner,,,,small,DEU,
c46ba75a-a82b-4def-a505-fb869627f841,1,Zimmerei Sieveke GmbH,DE181294283,Lohne,49393,DE94F,DEU,,,winner,,,,small,DEU,
24fab9f4-07fd-4181-8e9e-2da15cef3ba2,1,Schaal GmbH Haustechnik,DE 136773815,Berlin,12359,DE300,DEU,,,winner,,,,small,DEU,
153d5aaa-ad74-4daa-b597-4bf0d1d2ad22,1,Lautertal-Hasert GmbH,DE205332298,Lauterbach,99826,DE725,DEU,,,winner,,,,small,DEU,
82a93914-554d-41ca-a130-296f90d89f10,1,Bosch Sicherheitssysteme GmbH,DE813474672,Grasbrunn,85630,DE21H,DEU,,,winner,,,,medium,DEU,
0662d6ed-6b3e-4e58-aa3b-3377ffdc9199,1,JB CarConcept Wolfsburg GmbH,UStID. DE451526232,Wolfsburg,38446,DE913,DEU,,,winner,,,,small,,
0662d6ed-6b3e-4e58-aa3b-3377ffdc9199,1,EMobG Services Germany GmbH,Umsatzsteuer-Identifikationsnummer: DE 815728335,Hamburg,20537,DE600,DEU,,,winner,,,,large,,
1a1531c0-d03c-44be-b21d-46caa6a72af5,1,Wolfgang Bauer Ingenieurbau GmbH - NL Berlin -,DE 137205462,Berlin,13403,DE300,DEU,,,winner,,,,medium,DEU,
30f8f1c4-afb7-4999-af79-ab550c88e982,1,KONE GmbH,DE114107702,Hannover,30179,DE929,DEU,,,winner,,,,medium,DEU,
ce005cd4-c044-44d4-a9f6-525737400b92,1,Enatec Hannover GmbH,DE26 4816 197,Nienhagen,29336,DE931,DEU,,,winner,,,,medium,DEU,
3d532069-20c2-4494-97d7-f86e2534cbb7,1,Arcadis Germany GmbH,DE224434451,Berlin,10829,DE300,DEU,,,winner,,,,large,DEU,
a2e90bf2-8e32-4ffe-8b16-f5973bac7919,1,Scania-Vertrieb-und-Service-GmbH,DE812180098,Oberschleißheim,85764,DE21H,DEU,,,winner,,,,large,DEU,
2f7795a4-645a-4778-a32e-da18b05c4175,1,Contura Malereibetrieb & Fußbodentechnik GmbH,DE201033964,Berlin,13469,DE300,DEU,,,winner,,,,medium,DEU,
9bdd543f-41c8-464b-9e84-849f074778be,1,Blattwerker GmbH,DE322334661,Kassel,34131,DE731,DEU,,,winner,,,,small,DEU,
9bdd543f-41c8-464b-9e84-849f074778be,1,Baumpflege Oberweser,DE125467657,Beverungen,37688,DEA44,DEU,,,winner,,,,small,DEU,
17b3fb86-dd3b-4033-a5d9-9f78f81a72eb,1,Baumbua Baumpflege,DE238030365,München,81541,DE212,DEU,,,winner,,,,medium,DEU,
f0e2dcba-ba59-4009-ab87-24c228650eff,1,Hewlett-Packard GmbH,DE 812 085 372,Böblingen,71034,DE112,DEU,,,winner,,,,medium,DEU,
03732b61-0253-40dd-b622-aba3e566b9db,1,Spiekermann GmbH Consulting Engineers,DE 13 07 43 412,Berlin,13089,DE300,DEU,,,winner,,,,,,
1d533973-6e54-4ef7-bd56-ec14b02e4234,1,JobRad GmbH,DE262965418,Freiburg,79100,DE131,DEU,,,winner,,,,large,DEU,
13868074-d5a6-424a-84ff-cefef4d01654,1,Spiel-Bau GmbH,DE812143832,Brandenburg,14776,DE401,DEU,,,winner,,,,small,DEU,
41295d40-9e30-4371-aa98-6c7603b2f699,1,"TOI TOI & DIXI Sanitärsysteme GmbH
",DE205465422,Emmering,82275,DE21C,DEU,,,winner,,,,large,,
096c73df-8700-453e-b087-d998d68fb547,1,Eder Sonnenschutz GmbH,DE295440362,Kirchen,57548,DEB13,DEU,,,winner,,,,small,,
d6070661-84de-435a-b022-bd5d06aafd6d,1,schwartzbau GmbH,DE 299168236,Aschau am Inn,84544,DE21G,DEU,,,winner,,,,medium,DEU,
c2ffc212-f4b7-4c84-96f3-be1f60837cf5,1,Weber Heizung - Sanitär,DE233821385,Giengen,89537,DE11C,DEU,,,winner,,,,micro,DEU,
11f287f0-5c96-4cef-b2b9-6a84d455f4b1,1,Weipert GmbH,DE219396749,Stadtlauringen ,97488,DE26B,DEU,,,winner,,,,small,,
75258197-a4dc-4837-b5a1-a624e527ded9,1,Gstöttl Brandschutz GmbH,DE130903718,Fürstenzell,94081,DE228,DEU,,,winner,,,,small,DEU,
5e0ac207-6a3f-42e7-8524-d12d7d8d469b,1,Fuhrbetrieb Günter Dirnhofer GmbH,DE222182323,Reit im Winkl,83242,DE21M,DEU,,,winner,,,,small,DEU,
6929fd08-0b8b-412a-80d6-c258be16eb39,1,DT Estrich UG,DE 341 032749,Marktoberdorf,87616,DE27B,DEU,,,winner,,,,medium,DEU,
96dccae0-25ff-4f9c-b9c2-0a8dbb422cd0,1,SCHAAR Landschaftsarchitekten München GmbH,UStID: DE310158349,München,81669,DE212,DEU,,,winner,,,,small,,FALSE
529bc45a-d4a8-4161-9249-f1ce316cdd3b,1,Richard Maltan,DE166991903,Ramsau,83486,DE215,DEU,,,winner,,,,small,DEU,
71b73fa9-e06f-4914-a3be-516ac572f8e8,1,TK-Aufzüge-GmbH,DE266995234,Kassel,34131,DE731,DEU,,,winner,,,,small,DEU,
a0e4490b-3be7-44ca-94dd-a2400b0a4d23,1,NEW STANDARD.STUDIO GmbH,DE360634904,Berlin,12049,DE300,DEU,,,winner,,,,small,DEU,
1eb8e213-1fec-43db-94d8-989634602575,1,OBERMEYER Infrastruktur GmbH & Co. KG,DE330928290,München,80686,DE212,DEU,,,winner,,,,medium,DEU,
6ea50271-d50a-45fd-836d-d5fa7441cf2d,1,Strabag AG,DE 137223649,Dresden,1189,DED21,DEU,,,winner,,,,large,DEU,
4c3e48a1-c919-4798-9d06-87c007204c84,1,Langen Versorgungstechnik GmbH,DE234364219,Wesseling,50389,DEA27,DEU,,,winner,,,,small,DEU,
b92d613e-ad8a-4507-8ee9-ad8cfd264266,1,CHEFS CULINAR Nord GmbH & Co. KG,DE814142293,Kiel,24145,DEF02,DEU,,,winner,,,,large,DEU,
4ee34e8f-4f91-4024-a939-d152ddd349ee,1,Wayss & Freytag Ingenieurbau AG Bereich Süd,DE207039277,München,81379,DE212,DEU,,,winner,,,,medium,DEU,
15623cc6-d9cd-4cf1-b2a1-9814d26ca3f9,1,Josef Jörg GmbH,DE293996885,Immenstadt,87509,DE27E,DEU,,FALSE,winner,,,,small,DEU,
15623cc6-d9cd-4cf1-b2a1-9814d26ca3f9,1,Cubus Gartenbau GmbH & Co. KG,DE300326387,Immenstadt,87509,DE27E,DEU,,FALSE,winner,,,,small,DEU,FALSE
e01ac853-86fa-4fe3-8d4e-562106835e2b,1,Heinz Kecht GmbH,DE811836208,Siegsdorf,83313,DE21M,DEU,,,winner,,,,small,DEU,
d718ec56-64be-4b73-a153-aa934f9a45f0,1,Rytec GmbH,USt.-ID-Nr.: DE320131062,Baden-Baden,76532,DE121,DEU,,,winner,,,,small,,
f14f5595-47c9-4e2b-895d-980b73ca25d1,1,Logo verde  Stadtplaner und Landschaftsarchitekten GmbH,DE166755056,Landshut,84028,DE221,DEU,,,winner,,,,small,DEU,
2345914e-b485-4c99-897f-7ac7881e0dc5,1,Rohrdorfer Transportbeton Oberland GmbH&Co.KG,DE181237632,Garmisch-Partenkirchen,82467,DE21D,DEU,,,winner,,,,small,DEU,
8682dc09-fa72-4125-a4c0-9ed9e626bce6,1,Hecker Reisen GmbH & Co.KG,DE213077493,Liebenau,34396,DE734,DEU,,,winner,,,,small,DEU,
8682dc09-fa72-4125-a4c0-9ed9e626bce6,1,Reisedienst Bonte GmbH & Co. KG,DE280922959,Schwalmstadt,34613,DE735,DEU,,,winner,,,,micro,DEU,
80ef9bfc-d0f8-4cf0-93ce-f29493bda100,1,Elevion Energy Solutions GmbH,DE247433545,Berlin,10829,DE300,DEU,,FALSE,winner,,,,small,DEU,FALSE
aec0c45d-9017-424e-bd83-1147f8940c31,1,HC Hagemann GmbH  u. Co. KG,DE118562509,Hamburg,21079,DE600,DEU,,FALSE,winner,,,,medium,,FALSE
526f3b8a-8391-4d48-bd64-588706ac669c,1,Renk Busservice GmbH,USt.-ID-Nummer: DE191735233,Eimeldingen,79591,DE139,DEU,,,winner,,,,medium,,
2d9b151f-bc8e-4b28-bbc0-a63fe02ef1ea,1,Elektro Herz Haustechnik GmbH,DE813740192,Bad Mergentheim,97980,DE11B,DEU,,,winner,,,,medium,DEU,
8d6f7f51-7d95-4329-96f5-3742d08e08be,1,Klinikdienste Textilservice GmbH,DE813362155,Blaichach,87544,DE27E,DEU,,,winner,,,,small,,FALSE
d78cd656-7434-4d5e-985b-35111043fe34,1,Hofmockel Automatisierungs- und Prozesstechnik GmbH,DE370032942,Rohr,91189,DE25B,DEU,,,winner,,,,small,DEU,
a70f32bc-b41c-4896-ae4f-29f0539ed128,1,Klein Kommuniktionstechnik GmbH,DE815465832,Altdorf,84032,DE227,DEU,,,winner,,,,medium,DEU,
a70f32bc-b41c-4896-ae4f-29f0539ed128,1,Mercedes-Benz AG,DE321281763,Berlin,10243,DE300,DEU,,,winner,,,,medium,DEU,
7adfdba1-f9df-4ee0-b465-71a5cfd81a36,1,Ziegler Textil GmbH,DE812176131,Lautenbach,77794,DE134,DEU,,,winner,,,,medium,DEU,
7adfdba1-f9df-4ee0-b465-71a5cfd81a36,1,Wattana GmbH,DE 141169856,Hohenstein-Erntstthal,9337,DED45,DEU,,,winner,,,,small,DEU,
80837687-f45d-44ed-880c-b99036b7b82f,1,WISAG Facility Management Berlin GmbH & Co. KG,DE211874012,Berlin,10365,DE300,DEU,,,winner,,,,large,DEU,
fc0710f9-cb8f-4c3b-a278-13c492b6d750,1,TOPTICA Photonics AG,DE 192 12 43 78,Gräfelfing,82166,DE21H,DEU,https://www.toptica.com/,,winner,,,,large,,TRUE
d32aacfc-8cb1-487c-845a-ab8e36ab69aa,1,PTV Transport Consult GmbH,DE 286 474 346,Karlsruhe,76131,DE122,DEU,,,winner,,,,small,,
d32aacfc-8cb1-487c-845a-ab8e36ab69aa,1,VTT Planungsbüro GmbH,DE358145335,Hamburg,22765,DE600,DEU,,,winner,,,,small,,
dc2815be-c41a-4c69-9c55-bfb338adeb7e,1,Handschuh GmbH,DE 812623956,Schweinfurt,97424,DE262,DEU,,,winner,,,,small,DEU,
c9140e8d-6f54-4a70-81de-4d2922c443c2,1,Gros + Zimmermann GmbH,DE813769660,Siegen,57074,DEA5A,DEU,,,winner,,,,medium,DEU,
07f8c4ba-e2de-40f8-84bd-615d2962e47e,1,REA GmbH,DE191018983,Drebkau,3116,DE40G,DEU,,,winner,,,,medium,DEU,
edf9c02b-4878-4b93-b448-697bc7c1804a,1,Fritz Schwab Schreinerei GmbH,DE451 507 858,Hafenlohr,97840,DE26A,DEU,,,winner,,,,small,,
1f929c60-8c17-4103-8bbf-0c532ebb6277,1,RASK Brandenburg GmbH,DE176766282,Hoppegarten,15366,DE409,DEU,,,winner,,,,medium,DEU,
bc60b693-a05f-4f17-a1a5-ec2a6af9aa5a,1,Messner Technik GmbH ,DE282845657,Kunreuth,91358,DE248,DEU,,,winner,,,,small,,
d04e011d-2359-4115-a338-8b945ef708ba,1,Paul Becker GmbH,DE 811666890,Denzlingen,79211,DE133,DEU,,,winner,,,,medium,DEU,
2b102d46-0b91-46b4-a812-fab96b942b36,1,Pütting Sonderfahrzeuge GmbH,DE 331 785 388,Hamminkeln,46499,DEA1F,DEU,,,winner,,,,small,DEU,
79999ac4-2920-4d2a-9277-a815e5ef283e,1,MUP Bürohandels GmbH,DE112403226,Fulda,36039,DE732,DEU,,,winner,,,,small,DEU,
79999ac4-2920-4d2a-9277-a815e5ef283e,1,Ribbex GmbH,DE123500435,Wesseling,50389,DEA27,DEU,,,winner,,,,small,DEU,
fe3c0d93-1e3d-44c2-9925-ceab3be98ca5,1,LaWeGa GmbH,DE 270 556 969,Gachenbach-Weilach,86565,DE21I,DEU,,,winner,,,,medium,DEU,
b0d724dc-9cb6-4878-bb70-916084ce6144,1,GS Schenk Tiefbau GmbH,DE283352902,Fürth,90768,DE253,DEU,,,winner,,,,large,DEU,
e3cb7bb0-fdfb-4460-a93c-c47c68020182,1,Hauenstein-Estriche,DE338829305,Hummeltal,95503,DE246,DEU,,,winner,,,,small,DEU,
61cef4e3-5c2e-4b99-993d-4567bee4d8cc,1,Graner Ingenieure GmbH,DE241050105,Leipzig,4105,DED51,DEU,,,winner,,,,medium,DEU,
a10b0639-bf2f-4997-866d-73e368f3b47e,1,Aqua Bohr und Brunnenbaugesellschaft mbH,DE273368039,Bindlach,95463,DE246,DEU,,,winner,,,,small,DEU,
ca2e50e4-eaed-4357-aa20-0498fe577ad3,1,Ritter Starkstromtechnik Berlin GmbH & Co. KG,DE187396722,Berlin,12681,DE300,DEU,,,winner,,,,small,DEU,
3546729b-8af4-49d1-b6f0-f380bcaeaa49,1,"HTI Hoch-, Tief- und Industriebau GmbH",DE 151 883 379,Greußen/Thüringen,99718,DEG0A,DEU,,,winner,,,,large,DEU,
daf4283e-e510-4362-8403-900c0702cc75,1,BDG Bedachungen Berlin GmbH,DE215792912,Berlin,14167,DE300,DEU,,,winner,,,,small,DEU,
534f5c71-d764-4f5f-b454-2c601b6282b4,1,Güther Sanitär GmbH,Ust.-ID-Nr.: DE812134166,Feuchtwangen,91555,DE256,DEU,,FALSE,winner,,,,medium,,FALSE
d158085d-f1e6-480e-9461-a22ff6c6553a,1,Lackmann Baugesellschaft mbH,DE211922282,Panzweiler,56865,DEB1C,DEU,,,winner,,,,small,,
4a955250-7453-4071-82be-ee14cbb3572f,1,Jaeger Ausbau GmbH + Co KG,USt.-ID-Nr.: DE 814507275,Dettelbach,97337,DE268,DEU,,FALSE,winner,,,,medium,DEU,FALSE
2e137c50-112a-4f33-8735-6197ad363195,1,HERLE + HERRLE,DE130780376,Neuburg an der Donau,86633,DE21I,DEU,,,winner,,,,medium,DEU,
25ef99ed-0b9a-4a12-aa02-f2c59a176e47,1,Mathias Hering Haustechnik,DE189747348,Leingarten,74211,DE118,DEU,,,winner,,,,medium,DEU,
10a9accf-6a09-4821-9c5c-780bf64f6733,1,Pro-Tech InServ GmbH,DE344236804,Heilbronn,74080,DE117,DEU,,,winner,,,,micro,,
1690b00f-d24e-42f8-9ddb-e4d087a08bc1,1,Hans Schröder GmbH,DE 180880543,Gettorf,24214,DEF0B,DEU,,,winner,,,,small,DEU,
0e794e4b-5a24-493a-b95b-77727560c1d1,1,LEONHARD WEISS GmbH & Co. KG,DE145554519,Göppingen,73037,DE114,DEU,,,winner,,,,large,DEU,
b59cc426-21c5-4227-b1d7-f220597d82e3,1,boy | Strategie und Kommunikation GmbH,DE262429877,Kiel,24103,DEF02,DEU,,,winner,,,,small,DEU,
f8574938-1eac-4a5b-8288-0d646f06bc5b,1,fortuna Sportgeräte GmbH,DE310831156,Gehlert,57627,DEB1B,DEU,,,winner,,,,medium,DEU,
8d761cbc-ce76-4608-8bd2-01fde70f1133,1,Zimmerei Hecht,DE358316427,Tirschenreuth,95643,DE23A,DEU,,,winner,,,,medium,DEU,
cd74f508-ef8b-4e69-812e-d81df3343c12,1,Remigius Schneider GmbH,DE 128797828,Waltenhofen,87448,DE27E,DEU,,,winner,,,,small,DEU,
3768f128-2bc2-4fa2-b35f-95ae0e2e28a2,1,Peter Seidel,DE200151740,Ulm,89077,DE144,DEU,,,winner,,,,micro,DEU,
3768f128-2bc2-4fa2-b35f-95ae0e2e28a2,1,Matyasi Lajos,DE341789605,Ichenhausen,89335,DE278,DEU,,,winner,,,,micro,DEU,
3768f128-2bc2-4fa2-b35f-95ae0e2e28a2,1,Agrar Dienstleistungsgesellschaft mbH,DE177731544,Langenau,89129,DE145,DEU,,,winner,,,,small,DEU,
049f3d44-6daa-4fa3-b780-e49ea77bb8b6,1,Hitzler Ingenieure GmbH & Co. KG,DE 185719214,München,80807,DE212,DEU,,,winner,,,,medium,DEU,
ea0ff707-2895-4b9b-b22c-cfa6ebee8b55,1,CDM Smith SE,DE814963072,Bochum,44793,DEA51,DEU,,,winner,,,,large,DEU,
9698e0fc-9abc-41ee-9504-2fc3348cc476,1,Heinrich Schmid GmbH & Co. KG,DE226596212,Rosenheim,83026,DE213,DEU,,,winner,,,,medium,DEU,
d33beaa2-4604-4017-af71-427ab4d752d0,1,REFA Dachbau GmbH,DE217048325,Freiberg am Neckar,71691,DE115,DEU,,,winner,,,,medium,DEU,
02b795e9-7bf6-48a2-8887-3676fa707b77,1,Ludwig Rieder GmbH & Co. KG,DE295936701,Bayerbach,84092,DE227,DEU,,,winner,,,,,,
ce279cdc-8a51-4013-8f97-ee946b2fc28a,1,Stögmüller GmbH,DE811948059,Eichendorf,94428,DE22C,DEU,,,winner,,,,medium,DEU,
6095c2e5-37a9-40f0-8df1-3b4174f67808,1,CL MAP GmbH,USt-IdNr:DE222152593,München,80339,DE212,DEU,https://www.clmap.de,,winner,,,,,,
787a4dc2-bcb3-4af6-93c5-4f93529fe79e,1,Björnsen Beratende Ingenieure GmbH,DE148723803,Koblenz,56070,DEB11,DEU,,,winner,,,,,,
b6650443-5ae4-4f3b-a3dd-1bdccdca0740,1,Ing.-Büro für technische Gebäudeausrüstung Koller PartGmbB - Beratende Ingenieure,USt.-ID: DE321270371,Salmtal,54528,DEB22,DEU,https://www.haustechnik-koller.de/,,winner,,,,micro,,
f9927db6-9708-4642-968c-ce9ef1fcaec7,1,imKONTEXT.berlin GmbH,DE 314890854,Berlin,10997,DE300,DEU,,,winner,,,,small,DEU,
f9927db6-9708-4642-968c-ce9ef1fcaec7,1,Therese Strohe Michael Ullrich Architeken PartGmbB,DE278798413,Berlin,10781,DE300,DEU,,,winner,,,,micro,DEU,
10f8d66c-3944-4134-9ec8-5c4bf25ae80c,1,dvt Consulting GmbH,DE06084959900,Schmitten,61389,DE718,DEU,,,winner,,,,small,,
1fa789a0-0bb8-40b0-8283-9e08585fae3f,1,Ingenieurgesellschaft Dr. Siekmann + Partner mbH,USt-IdNr.: DE163799158,Thür,56743,DEB17,DEU,https://www.siekmann-ingenieure.de/,,winner,,,,small,,
1e90613a-3735-48ec-8193-4ebf908bfd4c,1,GPlant GmbH Ingenieurgesellschaft,DE283001862,Berlin,13599,DE300,DEU,,,winner,,,,medium,DEU,
1e90613a-3735-48ec-8193-4ebf908bfd4c,1,ibn Ingenieurbüro R. Niehenker,DE183868059,Berlin,10115,DE300,DEU,,,winner,,,,small,DEU,
6e52a99d-5fe8-4287-9b5d-1122f8e73191,1,Genius Ingenieurbüro IT GmbH,DE263665498,Berlin,10318,DE300,DEU,,,winner,,,,small,DEU,
6e52a99d-5fe8-4287-9b5d-1122f8e73191,1,PEZ mbH,DE272721676,Berlin,12247,DE300,DEU,,,winner,,,,small,DEU,
69449e8c-55fd-4dc9-b4b4-bd852ff5604d,1,AFFT GmbH,DE113061842,Vacha-Oberzella,36404,DEG0P,DEU,,,winner,,,,small,,FALSE
c4cb5e88-6e18-4236-8a4f-1cc5f067731d,1,Ramsauer Haustechnik GmbH,DE133534778,Roth,91154,DE25B,DEU,,FALSE,winner,,,,micro,,
833ee570-ea3a-4a06-ba80-da48e986ccc8,1,B & O Bau und Gebäudetechnik GmbH & Co. KG,DE214852902,Berlin,13086,DE300,DEU,,,winner,,,,large,DEU,
787c2078-d82d-4903-bd27-f6b79a88100b,1,Metallbau-Kettner GmbH,DE 162136473,Stäbelow,18198,DE80K,DEU,,,winner,,,,medium,DEU,
f29be8ef-6c73-4e81-98af-dc868d2012fd,1,Neuhaus Bauunternehmen GmbH & Co. KG,DE 2979 53412,Neustrelitz,17235,DE80J,DEU,,,winner,,,,medium,DEU,
47eb5980-c31c-4137-ab00-0b1cbe6b45e2,1,Cornelsen Verlag GmbH,Umsatzsteuer-ID-Nr. DE143872392/ILN: 4032357000002,Berlin,14197,DE300,DEU,www.cornelsen.de,FALSE,winner,,,,large,,FALSE
bfb663e1-449e-4614-a70d-f0a51fb9221e,1,MTG-Kommunikations- Technik GmbH,DE141500033,München,81825,DE212,DEU,,,winner,,,,small,,
8f25eb13-82eb-4a41-9512-0ae8b3385ddb,1,Raith Architekten GmbH,DE226883590,Kelheim,93309,DE226,DEU,,,winner,,,,,,
4d44db21-f0f7-453f-b3c6-73e48295968f,1,Josef Schindlbeck,DE127809503,Marklkofen,84163,DE22C,DEU,,,winner,,,,small,DEU,
85394c27-2635-4a28-b901-ae18a604e075,1,European Homecare GmbH,DE 156559849,Essen,45136,DEA13,DEU,,,winner,,,,large,DEU,
385959fa-6473-467a-bee7-6f6c076e8d56,1,LEIK GmbH,DE362805754,Filderstadt,70794,DE113,DEU,,,winner,,,,medium,DEU,
762fb705-a2db-4ce3-8151-e3fec2080cf9,1,Kannewischer Ingenieurgesellschaft mbH,DE211502150,Baden-Baden,76530,DE121,DEU,www.kannewischer.com,,winner,,,,small,,
762fb705-a2db-4ce3-8151-e3fec2080cf9,1,Schüßler-Plan Ingenieurgesellschaft MbH,DE121307719,Düsseldorf,40237,DEA11,DEU,www.schuessler-plan.de,,winner,,,,small,,
ee6e754f-0faa-4462-bd06-0050bd3ef48d,1,Söll Gerüstbau GmbH,DE814060619,Neusäss,86356,DE276,DEU,,,winner,,,,medium,DEU,
41d90613-ccc1-408b-b0dd-8e589e8a3122,1,EMR Elektromontagen Rostock GmbH,DE289293441,Rostock,18069,DE803,DEU,,,winner,,,,medium,DEU,
78a366f8-2292-421a-9360-5291fb15581e,1,Baumpflege Thierfelder,DE301916072,Tannheim,88459,DE146,DEU,,,winner,,,,micro,DEU,
ad65e424-fb43-4062-aaee-8b3d5bdb8b9a,1,Zendler Gebäudereinigung GmbH,DE214613709,Stuttgart,70327,DE111,DEU,,,winner,,,,medium,DEU,
90affcb2-cff4-4afe-a626-4639931c5a4f,1,EFA Elektro- und Kommunikationstechnik,DE269903826,Berlin,13629,DE300,DEU,,,winner,,,,small,DEU,
1e24f288-ee3f-48d1-a143-3e531ad56fba,1,Flb Freianlagenbau GmbH,DED2601V,München,81677,DE212,DEU,,,winner,,,,medium,DEU,
58e22b24-4b52-468c-a0b0-fd5a9e2a2877,1,GTA GmbH & Co. KG,DE205323709,Lüssow,18276,DE80K,DEU,,,winner,,,,medium,DEU,
67b08e61-9cd9-4c4d-a9b4-8b2672d88971,1,Gantner Electronic GmbH,DE178728720,Bochum,44809,DEA51,DEU,,,winner,,,,medium,,
01047fd9-caee-4abd-a8b2-0b28352762b4,1,Willerbach GmbH & Co.KG,UStID DE283634041,Nordhausen,99734,DEG07,DEU,,FALSE,winner,,,,medium,,FALSE
8cf036de-2bf0-4608-bba1-47d45c87afa7,1,Luka  H. Weisheit GmbH & Co. KG,DE129999342,München,81477,DE212,DEU,,,winner,,,,medium,DEU,
24d1f028-a3c5-423d-a2cf-66dfa00a7176,1,Dach Schneider Weimar GmbH,DE169192951,Umpferstedt,99441,DEG0G,DEU,,,winner,,,,medium,,
903c435b-ec41-42c9-a84b-3d98b67df5e2,1,Lehner Gerüsttechnik GmbH,USt-IdNr:DE304005063,Regensburg,93055,DE232,DEU,https://www.lehneronline.de,,winner,,,,,,
83216f03-420b-49c4-b4ef-32911518f1fe,1,Silentas GmbH,DE813870730,Berlin,13053,DE300,DEU,,,winner,,,,small,DEU,
588462ad-967a-4e73-a999-5713687b85af,1,Rieser Aufzugbau GmbH,DE812077071,Nördlingen,86720,DE27D,DEU,,,winner,,,,medium,DEU,
5da31bc0-e86b-4cfc-aa31-a1c351fdee15,1,"Högner beraten, planen,",DE228046798,Neuendettelsau,91564,DE256,DEU,,,winner,,,,medium,DEU,
f1a5e205-4c4a-47fc-92cf-054d241c7b3f,1,Lampersberger GmbH,DE 241510374,Chieming,83339,DE21M,DEU,,,winner,,,,medium,DEU,
f1a5e205-4c4a-47fc-92cf-054d241c7b3f,1,"Kurt Motz Baubetriebsgesellschaft Hoch-,",DE 815622820,Illertissen,89257,DE279,DEU,,,winner,,,,medium,DEU,
04c44cbc-acda-4726-a40c-784377e200be,1,"Busunternehmen Buhl
Buhl Dienstleistungen",DE 267 878 752,Dörrmoschel,67806,DEB3G,DEU,,FALSE,winner,,,,micro,DEU,FALSE
04c44cbc-acda-4726-a40c-784377e200be,1,Yellow Cab Ramstein,DE84 5405 1550 0000 0047 34,Ramstein,66877,DEB3F,DEU,,FALSE,winner,,,,micro,DEU,FALSE
04c44cbc-acda-4726-a40c-784377e200be,1,Taxi Klauk,DE84 5405 1550 0000 0047 37,Kusel,66869,DEB3G,DEU,,FALSE,winner,,,,micro,DEU,FALSE
04c44cbc-acda-4726-a40c-784377e200be,1,DRK Kreisverband Kusel e.V.,DE84 5405 1550 0000 0047 40,Kusel,66869,DEB3G,DEU,,FALSE,winner,,,,micro,DEU,FALSE
04c44cbc-acda-4726-a40c-784377e200be,1,Taxibetrieb Bessler,DE84 5405 1550 0000 0047 50,Kottenweiler-Schwanden,66879,DEB3G,DEU,,FALSE,winner,,,,micro,DEU,FALSE
eaccc837-f543-47c5-9320-fd6bacf0da85,1,Hitzler Ingenieure GmbH & Co. KG mit GFK Ingenieure,DE3628511088,Bremen,282217,DE501,DEU,www.hitzler-ingenieure.de,FALSE,winner,,,,large,DEU,FALSE
69d9386e-f077-4405-9485-c1fcf0a7aca3,1,SAL Landschaftsarchitektur GmbH,DE215735752,Münster,48155,DEA33,DEU,www.sal-landschaftsarchitektur.de,FALSE,winner,,,,small,DEU,FALSE
410321a5-b491-40c9-9ad5-a89a2a9b110b,1,Bogenschütz Entsorgung und Recycling GmbH,USt-IdNr: DE299454522,Grosselfingen,72415,DE143,DEU,,,winner,,,,medium,,
f9b9dabc-e0ed-4057-9c05-5cb182227cfd,1,GSB Gerüstbau GmbH,DE25 70 13 307,Bobenheim-Roxheim,67240,DEB3I,DEU,,,winner,,,,large,DEU,FALSE
035d23fe-8b5e-406b-a2fd-6d6a52df0458,1,Kersken + Kirchner GmbH,DE 811578970,München,81679,DE212,DEU,,,winner,,,,small,DEU,
c4f85421-460d-46fb-9423-7f3103d70adf,1,Gerd Löcher GmbH,USt.-ID-Nr.: DE162192684,Wuppertal,42281,DEA1A,DEU,,FALSE,winner,,,,small,DEU,FALSE
60a67c6c-f06e-4eec-bd8a-d8179930c77b,1,JS-Malerbetrieb,DE314446933,Nürnberg,90441,DE254,DEU,,,winner,,,,small,DEU,
cee78fe4-8d2f-442e-9226-e3e80f41e245,1,Henne Nutzfahrzeuge GmbH,DE173770391,Heimstetten,85551,DE21H,DEU,,,winner,,,,medium,DEU,
65973a27-ee29-4a83-9c6d-b803decc5f32,1,Mieterberatung Prenzlauer Berg,DE170283336,Berlin,10437,DE300,DEU,,FALSE,winner,,,,small,DEU,
c984fa66-2a15-475e-bf8c-18e4d6d720b0,1,Seelennahrung GmbH,DE356208366,Kirchdorf an der Iller,88457,DE146,DEU,,,winner,,,,medium,DEU,
065acf20-a37c-489a-b7ae-b5de59753b77,1,Autohaus Platzer GmbH,DE813552411,Regensburg,93055,DE232,DEU,,,winner,,,,medium,DEU,
065acf20-a37c-489a-b7ae-b5de59753b77,1,Auto-Fiegl GmbH,DE131935300,Schwabach,91126,DE255,DEU,,,winner,,,,medium,DEU,
065acf20-a37c-489a-b7ae-b5de59753b77,1,Italia Automobile Dünnes GmbH,DE328564917,Regensburg,93059,DE232,DEU,,,winner,,,,medium,DEU,
065acf20-a37c-489a-b7ae-b5de59753b77,1,Häusler Automobil GmbH & Co. KG,DE813519707,München,80339,DE212,DEU,,,winner,,,,medium,DEU,
aac3bead-764e-4b23-9140-322ec4d708a0,1,Viada GmbH & Co. KG,USt-ID: DE 247187573,Dortmund,44269,DEA52,DEU,,,winner,,,,small,,FALSE
8c127938-c958-4600-8f14-3ab3118ddd3f,1,Hako GmbH,DE812558589,Sehnde,31319,DE929,DEU,,,winner,,,,large,DEU,
d8245bde-974c-4aa0-ba50-76f6e426d540,1,ATP Frankfurt Planungs GmbH,DE814076114,Frankfurt am Main,60327,DE712,DEU,,FALSE,winner,,,,medium,,
c295ed2c-9e33-4421-9e8c-c38cac51df1d,1,Mardini GmbH,DE 3247 66190,Berlin,10823,DE300,DEU,,,winner,,,,small,DEU,
c665cc00-ffa5-4381-aa9c-8e052defdc5b,1,Schuster & Sohn KG,DE148632917,Trier,54293,DEB21,DEU,,,winner,,,,medium,,FALSE
80f95a71-1756-49dc-b699-d0a7934df5aa,1,Eike Gerd Seidenstücker - Strassen- und Tiefbau,DE351945189,Kefferhausen,37351,DEG06,DEU,http://seidenstuecker-stb.com/,,winner,,,,small,DEU,
7e922435-fb1a-4706-989d-4363b8ee983e,1,GSM Sella GmbH,DE315438325,Schlüsselfeld,96132,DE245,DEU,,,winner,,,,medium,DEU,
88dcd071-3f40-42b9-a6b1-6e7875a2e394,1,OTTO DÖRNER Entsorgung GmbH,DE178508202,Hamburg,22525,DE600,DEU,,,winner,,,,medium,DEU,
8fd31f7b-0b19-42e4-9e80-c689aa32c40d,1,Götz-Gebäudemanagement Süd GmbH,EUID DED3410V.HRB7591,Regensburg,93057,DE232,DEU,,,winner,,,,large,DEU,FALSE
8fd31f7b-0b19-42e4-9e80-c689aa32c40d,1,Wackler Service Group GmbH & Co. KG,EUID DED2601V.HRA9210,München,81829,DE212,DEU,,,winner,,,,large,DEU,FALSE
d358ba9d-2e09-430b-b517-6903652f6124,1,Diaplan Innenausbau Gesmbh,DE179361562,Freilassing,83395,DE215,DEU,,,winner,,,,small,AUT,
79cb0f2a-7246-438a-9264-b90945d1ab6b,1,Weikl Automatisierungstechnik GmbH,DE302152155,Bodenmais,94249,DE229,DEU,,,winner,,,,small,DEU,
fd80bd89-bdb5-43e1-9134-6cabfd67917d,1,Framhamer GmbH & Co. KG,DE127332819,Pöttmes,86554,DE275,DEU,,,winner,,,,medium,DEU,
2aecb503-efb8-41c1-bd77-654bd083a11c,1,"Braha GmbH
",DE134182276,Gauting,82131,DE21L,DEU,,,winner,,,,small,DEU,
9c3ce163-2d99-4540-94b4-6151aebd4d61,1,Braha GmbH,DE340815405,Gauting,82131,DE21L,DEU,,,winner,,,,small,DEU,
0d527f33-1e59-47b6-8c69-b121bc8d3b1f,1,assmann münster GmbH,DE124727174,Münster,48149,DEA33,DEU,,,winner,,,,medium,,FALSE
bbf9913a-e1a8-4eda-8ec7-99d3feffa0fd,1,SICO Ausbau & Fassade GmbH,DE296076849,Waiblingen,71336,DE116,DEU,https://sico-bau.de/,,winner,,,,medium,,
41a82c28-668b-4f26-b94e-86a978f0c8ec,1,Anton Schick GmbH,DE244459397,Bad Kissingen,97688,DE265,DEU,,,winner,,,,large,DEU,
3abe469b-8c1c-4fdb-9989-115a7db0b8ba,1,Elektro Romantschak GmbH & Co.KG,DE252911262,Kranzberg,85402,DE21B,DEU,,,winner,,,,medium,DEU,
69851f8b-e6ab-4561-a440-d4b71f6b62b3,1,Oxford Instruments GmbH,UStID. DE 113869215,Wiesbaden,65205,DE714,DEU,www.oxinst.com,FALSE,winner,,,,medium,,
2dc6d320-8c97-42fc-8fe0-c2fbd14398a5,1,Palfinger GmbH,DE131561002,Ainring,83404,DE215,DEU,,,winner,,,,medium,DEU,
c280e331-12a1-4e9c-84cc-2d41412f1d66,1,TWB Tief- und Wasserbau GmbH,DE226380171,Lübbenau/Spreewald,3222,DE40B,DEU,,,winner,,,,,,
fc458a58-e303-493d-8b47-ed5d5135cf0d,1,Frequentis Deutschland GmbH,DE154335662,Langen,63225,DE71C,DEU,,,winner,,,,medium,DEU,
5d1aafd5-1576-40bb-8e55-8452a7bc5d57,1,KTO engineering GmbH & Co. KG,DE 34 833 6307,Bad Grönenbach,87730,DE27C,DEU,,,winner,,,,medium,DEU,
340f35eb-1210-4169-8ab4-6d1c80d7d36c,1,Heinz Bein Malereibetrieb GmbH & Co. KG,DE136657047,Berlin,13467,DE300,DEU,,,winner,,,,small,,FALSE
bae639b2-595e-4297-84a1-91b82b0003ac,1,Karl Roth Baumeister GmbH & Co. KG,DE134213895,Wunsiedel,95632,DE24D,DEU,,,winner,,,,medium,DEU,
82b5afd1-4f82-4bcb-ad71-3447524af7e8,1,Gärtner Elektrotechnik GmbH,DE286771111,Kiel,24143,DEF02,DEU,,,winner,,,,medium,DEU,
60b4d94e-0b73-403f-a87c-ace3aac89ec5,1,Preuße & Rätsch GmbH,DE210720873,Weimar,99425,DEG05,DEU,,,winner,,,,medium,DEU,
391425a1-be4c-4a86-a7e5-879dec2da249,1,Planungsgesellschaft Dittrich mbH,DE129438976,München,80636,DE212,DEU,,,winner,,,,medium,DEU,
6af99f24-46e2-492d-8efe-36a5de5f885c,1,Pletschacher Holzbau GmbH,DE 127 494 690,Dasing,86453,DE275,DEU,,,winner,,,,medium,DEU,
5d35f9d2-01cf-4c6c-b01b-8e679efcd799,1,Malerbetrieb Krüger,DE 243 191 651,Neustrelitz,17235,DE80J,DEU,,,winner,,,,medium,DEU,
8a01d7ad-8553-4766-8987-003dea431f4b,1,Stadtbauplan GmbH,DE 111 663 048,Darmstadt,64283,DE711,DEU,,,winner,,,,medium,DEU,
58a98bda-c363-4e32-9baa-01547e90b6db,1,Schernthaner GmbH,DE 169257096,Neuried,82061,DE21H,DEU,,,winner,,,,large,DEU,
aaf27dc1-a3f7-4092-afed-1dffc16726ca,1,Gelsenwasser Energiene†ze GmbH,DE251719835,Gelsenkirchen,45891,DEA32,DEU,,,winner,,,,large,,
58a4c874-fe08-4aa4-9305-0213369eb610,1,Thermo Fisher Diagnostics GmbH,DE815702774,Hennigsdorf,16761,DE40A,DEU,,,winner,,,,large,DEU,
cac2daed-ede4-4f49-a362-d4d9fc0ecab1,1,Greenman Service GmbH,DE311872278,Cottbus,3044,DE402,DEU,,,winner,,,,small,DEU,FALSE
cac2daed-ede4-4f49-a362-d4d9fc0ecab1,1,Glas- und Industriereinigung Zimmermann GmbH & Co. KG,DE214208367,Luckau,15926,DE406,DEU,,,winner,,,,small,DEU,FALSE
a707b6d9-3024-4cde-ade1-b09aa4cef24b,1,Saale Böden GmbH,DE344258122,Uhlstaedt-Kirchhasel,7407,DEG0I,DEU,,,winner,,,,medium,DEU,
aeb61347-2566-4ae3-b026-4c9d8112bd93,1,Minddistrict GmbH,DE281781620,Berlin,10117,DE300,DEU,https://www.minddistrict.com/de-de,,winner,,,,medium,,
081dc199-20ed-4770-9a1e-deb89542244e,1,epcan GmbH,DE263116272,Vreden,48691,DEA34,DEU,,FALSE,winner,,,,small,,FALSE
429e899b-35bd-42f0-af5b-7283dc27bc59,1,Böhmler Einrichtungshaus GmbH,DE 129304451,Nürnberg,90431,DE254,DEU,,,winner,,,,small,DEU,
c6bf020d-02cb-4f43-9acc-010d7bb39a51,1,Sigro Parchim GmbH,DE137708772,Parchim,19370,DE80O,DEU,,,winner,,,,medium,DEU,
b31124d4-e216-4ede-bb47-febc7d5a8c69,1,Schreinerei-Alubau Baierl GmbH,DE247989577,Langenmosen,86571,DE21I,DEU,,,winner,,,,medium,DEU,
42b690ab-d210-43e7-b149-606ea3f0601a,1,M.u.W. Schlecker,DE 2 45 18 43 50,Ulm,89077,DE144,DEU,,,winner,,,,small,DEU,
0c438911-3f75-4453-a095-22970ed83e54,1,Hays AG,DE336158855,Mannheim,68161 Mannheim,DE126,DEU,www.hays.de,,winner,,,,large,,TRUE
68d0882f-ec34-49e3-81d1-b55ee7a6c2e3,1,Diezinger GmbH,DE 131938666,Leutershausen,91578,DE256,DEU,,,winner,,,,medium,DEU,
ebd83a01-7ac3-4dae-b8c3-a3e552ebba6f,1,Thermo-Isolierbau GmbH,DE127500224,Gersthofen,86368,DE276,DEU,www.thermo-isolierbau.de,FALSE,winner,,,,small,DEU,FALSE
f19d191c-4a86-4b10-aa63-dc3e842127b7,1,dynasys Datentechnik GmbH,DE812245774,Augsburg,86167,DE271,DEU,,,winner,,,,medium,DEU,
871efe0c-92d0-4e7c-893f-b209a5041df4,1,Stuhlfabrik Benneckenstein,DE139575155,Benneckenstein,38877,DEE09,DEU,,,winner,,,,small,DEU,
7ede823a-4e03-4830-913e-2280295c39ce,1,mrg computer,DE231287805,Werder,14542,DE40E,DEU,,,winner,,,,medium,DEU,
1e497a09-fdf5-4b89-b55f-acc6094d5e75,1,Arikon Sanierungsbau GmbH,DE196572189,Berlin,12099,DE300,DEU,,,winner,,,,medium,DEU,
1e497a09-fdf5-4b89-b55f-acc6094d5e75,1,MüBa Bau GmbH,DE346703337,Berlin,13351,DE300,DEU,,,winner,,,,medium,DEU,
1e497a09-fdf5-4b89-b55f-acc6094d5e75,1,sanierungsprofi GmbH,DE 225465007,Berlin,12489,DE300,DEU,,,winner,,,,medium,DEU,
1e497a09-fdf5-4b89-b55f-acc6094d5e75,1,Fehrbelliner Fensterwerk GmbH,DE219154025,Fehrbellin,16833,DE40D,DEU,,,winner,,,,medium,DEU,
1a79af2d-fd31-48d8-b7cd-e89195ce9015,1,Schreinerei Köppl GmbH & Co.KG,DE357924231,Eschlkam,93458,DE235,DEU,,,winner,,,,small,DEU,
1fc6d79e-cbea-49f7-9d33-d24da2695041,1,Neumann und Partner Informationssysteme GmbH,DE 141 380 688,Meerane,8393,DED45,DEU,,,winner,,,,medium,DEU,
4c3df15d-958d-4c74-910d-f0bc26b230dc,1,EngFle Baugesellschaft mbH,DE275109751,Kritzow,23970,DE80M,DEU,,,winner,,,,small,DEU,
16a07c6b-5504-43f9-b586-b2fa76021942,1,scitech it solutions GmbH,DE218436692,Hennigsdorf,16761,DE40A,DEU,,,winner,,,,small,DEU,
572984a3-72be-4b2b-ace2-f51dacd47d2c,1,TA Triumph-Adler Deutschland GmbH,DE 251881968,Nürnberg,90449,DE254,DEU,,,winner,,,,large,DEU,
97d972c7-fcba-405e-82b3-61a0061126a1,1,IWS Berlon mbH,DE214054164,Berlin,13597,DE300,DEU,,,winner,,,,medium,,
3dc90f48-e710-4543-a534-4f2c72072aa4,1,Hampe Recycling GmbH,DE162006995,Göttingen,37079,DE91C,DEU,,,winner,,,,small,DEU,
3dc90f48-e710-4543-a534-4f2c72072aa4,1,Veolia Umweltservice Nord GmbH,DE814781269,Hamburg,22113,DE600,DEU,,,winner,,,,large,DEU,
410339ac-3f8c-4a2c-a99b-cea98c71ac27,1,Efficom GmbH,DE217052001,Reutlingen,72766,DE141,DEU,,,winner,,,,medium,DEU,
ebfde74e-f3c0-449d-b7e6-d291f4e125ab,1,Wema Dienstleistungs GmbH,DE183137316,Gersthofen,86368,DE276,DEU,,,winner,,,,medium,DEU,
65bd70ff-36ed-458e-9fc6-489247f82d38,1,Schindler Anlagenbau GmbH,DE 275634244,Abtshagen,18510,DE80L,DEU,,,winner,,,,medium,DEU,
683cf1f5-e43e-46ca-b728-f4515c3e819a,1,Schuster Bestuhlungen GmbH,DE 204733390,Kaiserslautern,67659,DEB32,DEU,,,winner,,,,medium,DEU,
cb8c8a1b-750d-42af-bbe3-8bf6d69cb5bc,1,gepe Gebäudedienste Peterhoff GmbH,DE196852479,Düren,52353,DEA26,DEU,,,winner,,,,large,,
829c422d-3631-4f59-acdd-8ee0b2e19eb4,1,Unitech Kommunalmaschinen GmbH & Co. KG,DE137559205,Grimmen,18507,DE80L,DEU,,,winner,,,,medium,,
61c203e8-519a-40e5-a6e7-688db11a9e25,1,Urban Werbemittel KG,DE176988461,Hamburg,22085,DE600,DEU,,,winner,,,,micro,,FALSE
2e798e09-edf2-41b8-926a-93049afe971e,1,Singhammer IT Consulting AG,Ust.-IdNr. DE 812337195,Neuried,82061,DE21H,DEU,www.singhammer.com,,winner,,,,small,,TRUE
24425f33-8feb-4dd2-88be-e9ad334651d1,1,TK Aufzüge GmbH,DE 266995234,Nürnberg,90449,DE254,DEU,,,winner,,,,medium,DEU,
59d4a0af-f799-49f1-9ce5-8a6dcf3f3732,1,Tremmel Aufzüge GmbH & Co.KG,DE279786103,Patersdorf,94265,DE229,DEU,,,winner,,,,small,DEU,FALSE
53ead914-fda9-4f07-a11d-e9d068b54b0d,1,SoftwareOne Deutschland GmbH,DE141626867,Leipzig,4329,DED51,DEU,,FALSE,winner,,,,large,,FALSE
be06fd66-2f8c-4429-abb7-0dc584b02c7b,1,Stephan & Stephan GmbH,DE265406559,Bentwisch,18182,DE80K,DEU,,,winner,,,,medium,DEU,
bfeff488-3b57-49ae-8099-8b73a9422629,1,Dr. Diestel GmbH,DE 137 382 177,Rostock,18057,DE803,DEU,,,winner,,,,medium,DEU,
a19a4cc6-cf2b-46ec-b774-2afe2b821924,1,WSH Wurzinger Klimatechnik GmbH,DE 815325403,Schnelldorf-Hilpertsweiler,91625,DE256,DEU,,,winner,,,,medium,DEU,
48e38f80-c78c-4d5b-b2c3-88cac3d15daf,1,Schniering GmbH,DE119659678,Essen,45356,DEA13,DEU,,,winner,,,,small,DEU,
33f1193a-1fb4-47a8-a8e6-db77c3192660,1,Planer TSGH GmbH,DE300043818,Rastede,26180,DE946,DEU,,FALSE,winner,,,,micro,DEU,FALSE
397ba3e3-3db2-4a4f-939c-3526bddc5be0,1,Joachim Dulitz Glas- und Leichtmetallbau GmbH,DE233520402,Guben,3172,DE40G,DEU,,,winner,,,,small,DEU,
2a670773-2b70-44dd-ab4e-72e906e3da2d,1,Generalbau GmbH,DE163259411,Cottbus,3055,DE402,DEU,,,winner,,,,small,DEU,
0ceaa9a3-febe-4df7-93cc-1ca2eacb24ea,1,GWR Bau GmbH,DE150101376,Elxleben,99189,DEG0D,DEU,,,winner,,,,small,DEU,
a4eed1e9-286e-4a0f-96d0-e27bdd0e637b,1,Michael Unsin GmbH,DE128236978,Erdweg,85253,DE217,DEU,,,winner,,,,,,
5f9fae8f-4087-4ad4-9c7a-dc2d7402e23a,1,DeVa Bau GmbH,DE298633455,Berlin,12524,DE300,DEU,,,winner,,,,small,DEU,
dcbb8e61-6384-4af6-9db4-99db524cd33f,1,Geiger FM Reinigung Süd GmbH,DE129092629,Dietmannsried,87463,DE27E,DEU,,,winner,,,,medium,DEU,
34d3c016-34f0-45ac-b879-b73679a0f037,1,alma GmbH Küchen,DE 815 905 209,Ahaus,48683,DEA34,DEU,,,winner,,,,small,DEU,
e3a9df15-5772-440b-b785-f3fad71870ea,1,Holtmann Malerei Meisterbetrieb GmbH,DE260632249,Berlin,13583,DE300,DEU,,,winner,,,,small,DEU,
ede7628d-8dc7-4a56-9471-ead447ae9df3,1,Greggersen Service GmbH,DE260913840,Hamburg,21031,DE600,DEU,,,winner,,,,medium,DEU,
ebb34721-d9b0-4ae4-8bef-aa96fc85e9e6,1,Fliesen Gammer,DE240437407,Loitzendorf,94359,DE22B,DEU,,,winner,,,,micro,DEU,
74cf40f4-c122-40aa-92d8-a6c12b9f7b68,1,Dobsch Bau GmbH,DE 133699029,Zeitlarn-Regendorf,93197,DE238,DEU,,,winner,,,,small,DEU,
29280876-3655-4b57-9f3f-f64af7f795fb,1,Wackler Service Group GmbH & Co. KG,DE140916811,Chemnitz,9247,DED41,DEU,,,winner,,,,large,,
29280876-3655-4b57-9f3f-f64af7f795fb,1,M & N Gebäudereinigung Sinani,DE364711302,Köln,51061,DEA23,DEU,,,winner,,,,small,,
7c2f44f6-17dd-43ad-b5cc-15d9133d575a,1,MAYER - TRANS Fuhr- u. Baggerbetriebs-,DE212043489,Ruhpolding,83324,DE21M,DEU,,,winner,,,,medium,DEU,
b0368360-eefe-41b7-881c-af8943ff0e71,1,Michael Fritsch Gerüstbau GmbH,DE129415488,München,80807,DE212,DEU,,,winner,,,,small,,
407ce3b3-93b8-4758-bfb5-23305142434b,1,F.X. Rauch GmbH & Co. KG,DE 130487158,München,80637,DE212,DEU,,,winner,,,,medium,DEU,
72a2dad6-50a5-4545-9ec7-031f3484395b,1,Meusel Elektrotechnik GmbH,DE255767516,Passau,94036,DE222,DEU,,,winner,,,,medium,DEU,
52d8c1cf-38f8-483b-a1e8-0fd3b433b68e,1,Gökser  Bau GmbH,DE323147325,Merseburg,6217,DEE0B,DEU,,,winner,,,,,,
f2605fe1-6e39-4e05-8308-e1fee9bbb154,1,R.S.D. plus Rheinische Sicherheitsdienste GmbH,DE 293041001,Köln,51149,DEA23,DEU,,,winner,,,,large,,FALSE
133b7fe4-a56b-462b-ab98-72dec7c01253,1,Noll Fensterbau GmbH,DE217317757,Mühlheim,63165,DE71C,DEU,,,winner,,,,medium,DEU,
1f481b0c-bfa0-46d4-a7a5-2d69c77a2f10,1,Veolia Klärschlammverwertung Deutschland GmbH,DE141626150,Markranstädt,4420,DED52,DEU,,,winner,,,,large,DEU,FALSE
bf7aced4-ee98-4e98-945b-22c8d4207f79,1,FB Hoch- und Tiefbau GmbH,DE251179997,Cadolzburg,90556,DE258,DEU,,,winner,,,,large,DEU,
451e40ee-9b17-4edf-b676-a13fce490125,1,B1 Systems GmbH,DE814104746,Vohburg,85088,DE21J,DEU,,,winner,,,,small,DEU,
c5027427-d08d-4b25-bf66-f65429a486b8,1,S+T Fassaden GmbH   **** GÜLTIG ****,DE169186040,Tessin,18195,DE80K,DEU,,,winner,,,,medium,DEU,
3cf143a6-1c2e-4637-b5c5-85af56b61ef7,1,Eiblmeier GmbH,DE 185 742 985,Aufhausen,94428,DE22C,DEU,,,winner,,,,medium,DEU,
5d341bfe-e857-47d7-a9e1-dac751fcfb35,1,INVER - Ingenieurbüro für Verkehrsanlagen GmbH,DE150103511,Erfurt,99084,DEG01,DEU,,,winner,,,,large,DEU,
628ad3d0-9ff5-434d-ae8f-1a5a5e31399e,1,"A.D.U. Gebäudeservice Urban
GmbH,",DE 159923826,Paderborn,33100,DEA47,DEU,,,winner,,,,medium,,
628ad3d0-9ff5-434d-ae8f-1a5a5e31399e,1,Erich Niediek GmbH & Co. KG,DE180796370,Bielefeld,33647,DEA41,DEU,,,winner,,,,medium,,
628ad3d0-9ff5-434d-ae8f-1a5a5e31399e,1,ROFRA Gebäudereinigung,DE198744399,Bramsche,49565,DE94E,DEU,,,winner,,,,medium,,
5357b8bb-1d51-43d5-8e96-d52772b65ec2,1,Josef Rädlinger Ingenieurbau GmbH,DE813648645,Windorf,94575,DE228,DEU,,,winner,,,,medium,DEU,
1823f78f-5464-46ea-a25c-b8ea4f60bc75,1,Link GmbH,DE 811343873,Fellbach,70736,DE116,DEU,,,winner,,,,medium,DEU,
98d06261-361c-4418-a8d1-90a8506fc1eb,1,a2bau GmbH,DE316731847,Stuttgart,70182,DE111,DEU,,,winner,,,,medium,DEU,
802d31c5-669a-48fc-b60c-5ef0692ef82a,1,DARE GmbH,DE218255776,Berlin,13127,DE300,DEU,,,winner,,,,small,DEU,
a9fceb6a-2d5f-4e3d-bef8-e4ae23b37bbf,1,WPW GmbH BERATEN PLANEN STEUERN,DE205941976,Saarbrücken,66115,Dec01,DEU,,,winner,,,,small,DEU,
0b15ce70-8358-4df1-869a-3d20fa962576,1,Jansen Tore GmbH + Co. KG,UStID.DE 264 352 890,Surwold,26903,DE949,DEU,,FALSE,winner,,,,large,DEU,
6e4498d6-0d5b-433a-a961-cbbf0315f0b4,1,YUNEX GmbH,DE340533785,München,81739,DE212,DEU,,,winner,,,,large,DEU,